INSERT INTO job_match.accounts (id, username, password, email)
VALUES (1, 'prof1', 'password1', 'prof1@telerik.bg');
INSERT INTO job_match.accounts (id, username, password, email)
VALUES (2, 'prof2', 'password2', 'prof2@telerik.bg');
INSERT INTO job_match.accounts (id, username, password, email)
VALUES (3, 'prof3', 'password3', 'prof3@telerik.bg');
INSERT INTO job_match.accounts (id, username, password, email)
VALUES (4, 'prof4', 'password4', 'prof4@telerik.bg');
INSERT INTO job_match.accounts (id, username, password, email)
VALUES (5, 'prof5', 'password5', 'prof5@telerik.bg');
INSERT INTO job_match.accounts (id, username, password, email)
VALUES (6, 'prof6', 'password6', 'prof6@telerik.bg');
INSERT INTO job_match.accounts (id, username, password, email)
VALUES (7, 'prof7', 'password7', 'prof7@telerik.bg');
INSERT INTO job_match.accounts (id, username, password, email)
VALUES (8, 'prof8', 'password8', 'prof8@telerik.bg');
INSERT INTO job_match.accounts (id, username, password, email)
VALUES (9, 'prof9', 'password9', 'prof9@telerik.bg');
INSERT INTO job_match.accounts (id, username, password, email)
VALUES (10, 'prof10', 'password10', 'prof10@telerik.bg');
INSERT INTO job_match.accounts (id, username, password, email)
VALUES (11, 'prof11', 'password11', 'prof11@telerik.bg');
INSERT INTO job_match.accounts (id, username, password, email)
VALUES (12, 'prof12', 'password12', 'prof12@telerik.bg');
INSERT INTO job_match.accounts (id, username, password, email)
VALUES (13, 'prof13', 'password13', 'prof13@telerik.bg');
INSERT INTO job_match.accounts (id, username, password, email)
VALUES (14, 'prof14', 'password14', 'prof14@telerik.bg');
INSERT INTO job_match.accounts (id, username, password, email)
VALUES (15, 'prof15', 'password15', 'prof15@telerik.bg');
INSERT INTO job_match.accounts (id, username, password, email)
VALUES (16, 'prof16', 'password16', 'prof16@telerik.bg');
INSERT INTO job_match.accounts (id, username, password, email)
VALUES (17, 'prof17', 'password17', 'prof17@telerik.bg');
INSERT INTO job_match.accounts (id, username, password, email)
VALUES (18, 'prof18', 'password18', 'prof18@telerik.bg');
INSERT INTO job_match.accounts (id, username, password, email)
VALUES (19, 'prof19', 'password19', 'prof19@telerik.bg');
INSERT INTO job_match.accounts (id, username, password, email)
VALUES (20, 'prof20', 'password20', 'prof20@telerik.bg');
INSERT INTO job_match.accounts (id, username, password, email)
VALUES (21, 'prof21', 'password21', 'prof21@telerik.bg');
INSERT INTO job_match.accounts (id, username, password, email)
VALUES (22, 'prof22', 'password22', 'prof22@telerik.bg');
INSERT INTO job_match.accounts (id, username, password, email)
VALUES (23, 'prof23', 'password23', 'prof23@telerik.bg');
INSERT INTO job_match.accounts (id, username, password, email)
VALUES (24, 'prof24', 'password24', 'prof24@telerik.bg');
INSERT INTO job_match.accounts (id, username, password, email)
VALUES (25, 'prof25', 'password25', 'prof25@telerik.bg');
INSERT INTO job_match.accounts (id, username, password, email)
VALUES (26, 'prof26', 'password26', 'prof26@telerik.bg');
INSERT INTO job_match.accounts (id, username, password, email)
VALUES (27, 'prof27', 'password27', 'prof27@telerik.bg');
INSERT INTO job_match.accounts (id, username, password, email)
VALUES (28, 'prof28', 'password28', 'prof28@telerik.bg');
INSERT INTO job_match.accounts (id, username, password, email)
VALUES (29, 'prof29', 'password29', 'prof29@telerik.bg');
INSERT INTO job_match.accounts (id, username, password, email)
VALUES (30, 'prof30', 'password30', 'prof30@telerik.bg');
INSERT INTO job_match.accounts (id, username, password, email)
VALUES (31, 'prof31', 'password31', 'prof31@telerik.bg');
INSERT INTO job_match.accounts (id, username, password, email)
VALUES (32, 'prof32', 'password32', 'prof32@telerik.bg');
INSERT INTO job_match.accounts (id, username, password, email)
VALUES (33, 'prof33', 'password33', 'prof33@telerik.bg');
INSERT INTO job_match.accounts (id, username, password, email)
VALUES (34, 'prof34', 'password34', 'prof34@telerik.bg');
INSERT INTO job_match.accounts (id, username, password, email)
VALUES (35, 'prof35', 'password35', 'prof35@telerik.bg');
INSERT INTO job_match.accounts (id, username, password, email)
VALUES (36, 'prof36', 'password36', 'prof36@telerik.bg');
INSERT INTO job_match.accounts (id, username, password, email)
VALUES (37, 'prof37', 'password37', 'prof37@telerik.bg');
INSERT INTO job_match.accounts (id, username, password, email)
VALUES (38, 'prof38', 'password38', 'prof38@telerik.bg');
INSERT INTO job_match.accounts (id, username, password, email)
VALUES (39, 'prof39', 'password39', 'prof39@telerik.bg');
INSERT INTO job_match.accounts (id, username, password, email)
VALUES (40, 'prof40', 'password40', 'prof40@telerik.bg');
INSERT INTO job_match.accounts (id, username, password, email)
VALUES (41, 'empl41', 'password41', 'empl41@telerik.bg');
INSERT INTO job_match.accounts (id, username, password, email)
VALUES (42, 'empl42', 'password42', 'empl42@telerik.bg');
INSERT INTO job_match.accounts (id, username, password, email)
VALUES (43, 'empl43', 'password43', 'empl43@telerik.bg');
INSERT INTO job_match.accounts (id, username, password, email)
VALUES (44, 'empl44', 'password44', 'empl44@telerik.bg');
INSERT INTO job_match.accounts (id, username, password, email)
VALUES (45, 'empl45', 'password45', 'empl45@telerik.bg');
INSERT INTO job_match.accounts (id, username, password, email)
VALUES (46, 'empl46', 'password46', 'empl46@telerik.bg');
INSERT INTO job_match.accounts (id, username, password, email)
VALUES (47, 'empl47', 'password47', 'empl47@telerik.bg');
INSERT INTO job_match.accounts (id, username, password, email)
VALUES (48, 'empl48', 'password48', 'empl48@telerik.bg');
INSERT INTO job_match.accounts (id, username, password, email)
VALUES (49, 'empl49', 'password49', 'empl49@telerik.bg');
INSERT INTO job_match.accounts (id, username, password, email)
VALUES (50, 'empl50', 'password50', 'empl50@telerik.bg');
INSERT INTO job_match.accounts (id, username, password, email)
VALUES (51, 'comp51', 'password51', 'comp51@telerik.bg');
INSERT INTO job_match.accounts (id, username, password, email)
VALUES (52, 'comp52', 'password52', 'comp52@telerik.bg');
INSERT INTO job_match.accounts (id, username, password, email)
VALUES (53, 'comp53', 'password53', 'comp53@telerik.bg');
INSERT INTO job_match.accounts (id, username, password, email)
VALUES (54, 'comp54', 'password54', 'comp54@telerik.bg');
INSERT INTO job_match.accounts (id, username, password, email)
VALUES (55, 'comp55', 'password55', 'comp55@telerik.bg');
INSERT INTO job_match.accounts (id, username, password, email)
VALUES (56, 'comp56', 'password56', 'comp56@telerik.bg');
INSERT INTO job_match.accounts (id, username, password, email)
VALUES (57, 'comp57', 'password57', 'comp57@telerik.bg');
INSERT INTO job_match.accounts (id, username, password, email)
VALUES (58, 'comp58', 'password58', 'comp58@telerik.bg');
INSERT INTO job_match.accounts (id, username, password, email)
VALUES (59, 'comp59', 'password59', 'comp59@telerik.bg');
INSERT INTO job_match.accounts (id, username, password, email)
VALUES (60, 'comp60', 'password60', 'comp60@telerik.bg');
INSERT INTO job_match.accounts (id, username, password, email)
VALUES (61, 'comp61', 'password61', 'comp61@telerik.bg');
INSERT INTO job_match.accounts (id, username, password, email)
VALUES (62, 'comp62', 'password62', 'comp62@telerik.bg');
INSERT INTO job_match.accounts (id, username, password, email)
VALUES (63, 'comp63', 'password63', 'comp63@telerik.bg');
INSERT INTO job_match.accounts (id, username, password, email)
VALUES (64, 'comp64', 'password64', 'comp64@telerik.bg');
INSERT INTO job_match.accounts (id, username, password, email)
VALUES (65, 'comp65', 'password65', 'comp65@telerik.bg');
INSERT INTO job_match.accounts (id, username, password, email)
VALUES (66, 'comp66', 'password66', 'comp66@telerik.bg');
INSERT INTO job_match.accounts (id, username, password, email)
VALUES (67, 'comp67', 'password67', 'comp67@telerik.bg');
INSERT INTO job_match.accounts (id, username, password, email)
VALUES (68, 'comp68', 'password68', 'comp68@telerik.bg');
INSERT INTO job_match.accounts (id, username, password, email)
VALUES (69, 'comp69', 'password69', 'comp69@telerik.bg');
INSERT INTO job_match.accounts (id, username, password, email)
VALUES (70, 'comp70', 'password70', 'comp70@telerik.bg');

INSERT INTO job_match.professionals (account_id, first_name, last_name)
VALUES (1, 'Octavia', 'Higdon');
INSERT INTO job_match.professionals (account_id, first_name, last_name)
VALUES (2, 'Edna', 'Carmona');
INSERT INTO job_match.professionals (account_id, first_name, last_name)
VALUES (3, 'Bernadette', 'Dees');
INSERT INTO job_match.professionals (account_id, first_name, last_name)
VALUES (4, 'Mindy', 'Bergstrom');
INSERT INTO job_match.professionals (account_id, first_name, last_name)
VALUES (5, 'Brayden', 'Whiting');
INSERT INTO job_match.professionals (account_id, first_name, last_name)
VALUES (6, 'Rivka', 'Cuevas');
INSERT INTO job_match.professionals (account_id, first_name, last_name)
VALUES (7, 'Makiya', 'Metcalf');
INSERT INTO job_match.professionals (account_id, first_name, last_name)
VALUES (8, 'Justin', 'Douglas');
INSERT INTO job_match.professionals (account_id, first_name, last_name)
VALUES (9, 'Terry', 'Benavidez');
INSERT INTO job_match.professionals (account_id, first_name, last_name)
VALUES (10, 'Cheyanne', 'Williamson');
INSERT INTO job_match.professionals (account_id, first_name, last_name)
VALUES (11, 'Natasha', 'Pereira');
INSERT INTO job_match.professionals (account_id, first_name, last_name)
VALUES (12, 'Zainab', 'Washington');
INSERT INTO job_match.professionals (account_id, first_name, last_name)
VALUES (13, 'Dina', 'Cranford');
INSERT INTO job_match.professionals (account_id, first_name, last_name)
VALUES (14, 'Tristin', 'Putman');
INSERT INTO job_match.professionals (account_id, first_name, last_name)
VALUES (15, 'Issac', 'Funk');
INSERT INTO job_match.professionals (account_id, first_name, last_name)
VALUES (16, 'Hassan', 'Mattson');
INSERT INTO job_match.professionals (account_id, first_name, last_name)
VALUES (17, 'Lionel', 'McCracken');
INSERT INTO job_match.professionals (account_id, first_name, last_name)
VALUES (18, 'Kyndal', 'Harry');
INSERT INTO job_match.professionals (account_id, first_name, last_name)
VALUES (19, 'Trayvon', 'Casey');
INSERT INTO job_match.professionals (account_id, first_name, last_name)
VALUES (20, 'Colin', 'Vernon');
INSERT INTO job_match.professionals (account_id, first_name, last_name)
VALUES (21, 'Jaiden', 'Lott');
INSERT INTO job_match.professionals (account_id, first_name, last_name)
VALUES (22, 'Moses', 'Doan');
INSERT INTO job_match.professionals (account_id, first_name, last_name)
VALUES (23, 'Keshaun', 'Schulte');
INSERT INTO job_match.professionals (account_id, first_name, last_name)
VALUES (24, 'Hadley', 'Brewer');
INSERT INTO job_match.professionals (account_id, first_name, last_name)
VALUES (25, 'Denver', 'Duong');
INSERT INTO job_match.professionals (account_id, first_name, last_name)
VALUES (26, 'Elana', 'Wood');
INSERT INTO job_match.professionals (account_id, first_name, last_name)
VALUES (27, 'Denzel', 'Glynn');
INSERT INTO job_match.professionals (account_id, first_name, last_name)
VALUES (28, 'Stuart', 'Schafer');
INSERT INTO job_match.professionals (account_id, first_name, last_name)
VALUES (29, 'Ahmad', 'Counts');
INSERT INTO job_match.professionals (account_id, first_name, last_name)
VALUES (30, 'Hali', 'Cleary');
INSERT INTO job_match.professionals (account_id, first_name, last_name)
VALUES (31, 'Jeffery', 'Sheldon');
INSERT INTO job_match.professionals (account_id, first_name, last_name)
VALUES (32, 'Keanu', 'Mancuso');
INSERT INTO job_match.professionals (account_id, first_name, last_name)
VALUES (33, 'Edward', 'Padron');
INSERT INTO job_match.professionals (account_id, first_name, last_name)
VALUES (34, 'Ezra', 'Bautista');
INSERT INTO job_match.professionals (account_id, first_name, last_name)
VALUES (35, 'Colten', 'Staley');
INSERT INTO job_match.professionals (account_id, first_name, last_name)
VALUES (36, 'Leanna', 'Ruby');
INSERT INTO job_match.professionals (account_id, first_name, last_name)
VALUES (37, 'Tavon', 'Clapp');
INSERT INTO job_match.professionals (account_id, first_name, last_name)
VALUES (38, 'Tanya', 'Olivas');
INSERT INTO job_match.professionals (account_id, first_name, last_name)
VALUES (39, 'Esteban', 'Oshea');
INSERT INTO job_match.professionals (account_id, first_name, last_name)
VALUES (40, 'Mariela', 'Mendez');

INSERT INTO job_match.companies (account_id, name)
VALUES (51, 'Telerik');
INSERT INTO job_match.companies (account_id, name)
VALUES (52, 'Microsoft');
INSERT INTO job_match.companies (account_id, name)
VALUES (53, 'Apple');
INSERT INTO job_match.companies (account_id, name)
VALUES (54, 'Google');
INSERT INTO job_match.companies (account_id, name)
VALUES (55, 'Pepsi');
INSERT INTO job_match.companies (account_id, name)
VALUES (56, 'Coca-Cola');
INSERT INTO job_match.companies (account_id, name)
VALUES (57, 'Mercedes');
INSERT INTO job_match.companies (account_id, name)
VALUES (58, 'Audi');
INSERT INTO job_match.companies (account_id, name)
VALUES (59, 'Visa');
INSERT INTO job_match.companies (account_id, name)
VALUES (60, 'Mastercard');
INSERT INTO job_match.companies (account_id, name)
VALUES (61, 'Sony');
INSERT INTO job_match.companies (account_id, name)
VALUES (62, 'Samsung');
INSERT INTO job_match.companies (account_id, name)
VALUES (63, 'Shell');
INSERT INTO job_match.companies (account_id, name)
VALUES (64, 'Total');
INSERT INTO job_match.companies (account_id, name)
VALUES (65, 'JPMorgan');
INSERT INTO job_match.companies (account_id, name)
VALUES (66, 'Santander');
INSERT INTO job_match.companies (account_id, name)
VALUES (67, 'DHL');
INSERT INTO job_match.companies (account_id, name)
VALUES (68, 'FedEx');
INSERT INTO job_match.companies (account_id, name)
VALUES (69, 'Nike');
INSERT INTO job_match.companies (account_id, name)
VALUES (70, 'Adidas');

INSERT INTO job_match.employees (account_id, name, company_id)
VALUES (41, 'Todor Kolev', 51);
INSERT INTO job_match.employees (account_id, name, company_id)
VALUES (42, 'Kolio Todorov', 51);
INSERT INTO job_match.employees (account_id, name, company_id)
VALUES (43, 'Kilo Kartofi', 51);
INSERT INTO job_match.employees (account_id, name, company_id)
VALUES (44, 'Koprinka Chervenkova', 52);
INSERT INTO job_match.employees (account_id, name, company_id)
VALUES (45, 'Cassiopeia Ginkova', 52);
INSERT INTO job_match.employees (account_id, name, company_id)
VALUES (46, 'Ginka Kasova', 52);
INSERT INTO job_match.employees (account_id, name, company_id)
VALUES (47, 'Grozdan Karadjov', 53);
INSERT INTO job_match.employees (account_id, name, company_id)
VALUES (48, 'Hristo Ivanov', 53);
INSERT INTO job_match.employees (account_id, name, company_id)
VALUES (49, 'Kiril Petkov', 53);
INSERT INTO job_match.employees (account_id, name, company_id)
VALUES (50, 'Assen Vassilev', 54);


INSERT INTO job_match.locations (id, country, city)
VALUES (11, 'Bulgaria', 'Blagoevgrad');
INSERT INTO job_match.locations (id, country, city)
VALUES (4, 'Bulgaria', 'Burgas');
INSERT INTO job_match.locations (id, country, city)
VALUES (16, 'Bulgaria', 'Gabrovo');
INSERT INTO job_match.locations (id, country, city)
VALUES (14, 'Bulgaria', 'Haskovo');
INSERT INTO job_match.locations (id, country, city)
VALUES (13, 'Bulgaria', 'Kyustendil');
INSERT INTO job_match.locations (id, country, city)
VALUES (12, 'Bulgaria', 'Lovech');
INSERT INTO job_match.locations (id, country, city)
VALUES (8, 'Bulgaria', 'Pernik');
INSERT INTO job_match.locations (id, country, city)
VALUES (10, 'Bulgaria', 'Pleven');
INSERT INTO job_match.locations (id, country, city)
VALUES (3, 'Bulgaria', 'Plovdiv');
INSERT INTO job_match.locations (id, country, city)
VALUES (5, 'Bulgaria', 'Ruse');
INSERT INTO job_match.locations (id, country, city)
VALUES (15, 'Bulgaria', 'Sliven');
INSERT INTO job_match.locations (id, country, city)
VALUES (1, 'Bulgaria', 'Sofia');
INSERT INTO job_match.locations (id, country, city)
VALUES (6, 'Bulgaria', 'Stara Zagora');
INSERT INTO job_match.locations (id, country, city)
VALUES (2, 'Bulgaria', 'Varna');
INSERT INTO job_match.locations (id, country, city)
VALUES (7, 'Bulgaria', 'Veliko Tarnovo');
INSERT INTO job_match.locations (id, country, city)
VALUES (9, 'Bulgaria', 'Vidin');
INSERT INTO job_match.locations (id, country, city)
VALUES (17, 'Turkey', 'Ankara');
INSERT INTO job_match.locations (id, country, city)
VALUES (18, 'Turkey', 'Istanbul');
INSERT INTO job_match.locations (id, country, city)
VALUES (19, 'UK', 'London');
INSERT INTO job_match.locations (id, country, city)
VALUES (20, 'UK', 'Manchester');

INSERT INTO job_match.basic_infos (id, description, picture_url, location_id)
VALUES (1,
        'Lorem ipsum dolor sit amet, consectetur adipiscing elit, sed do eiusmod tempor incididunt ut labore et dolore magna aliqua. Ut enim ad minim veniam, quis nostrud exercitation ullamco laboris nisi ut aliquip ex ea commodo consequat. Duis aute irure dolor in reprehenderit in voluptate velit esse cillum dolore eu fugiat nulla pariatur. Excepteur sint occaecat cupidatat non proident, sunt in culpa qui officia deserunt mollit anim id est laborum.',
        '/images/user-photos/user1.jpg', 1);
INSERT INTO job_match.basic_infos (id, description, picture_url, location_id)
VALUES (2,
        'Lorem ipsum dolor sit amet, consectetur adipiscing elit, sed do eiusmod tempor incididunt ut labore et dolore magna aliqua. Ut enim ad minim veniam, quis nostrud exercitation ullamco laboris nisi ut aliquip ex ea commodo consequat. Duis aute irure dolor in reprehenderit in voluptate velit esse cillum dolore eu fugiat nulla pariatur. Excepteur sint occaecat cupidatat non proident, sunt in culpa qui officia deserunt mollit anim id est laborum.',
        '/images/user-photos/user2.jpg', 19);
INSERT INTO job_match.basic_infos (id, description, picture_url, location_id)
VALUES (3,
        'Lorem ipsum dolor sit amet, consectetur adipiscing elit, sed do eiusmod tempor incididunt ut labore et dolore magna aliqua. Ut enim ad minim veniam, quis nostrud exercitation ullamco laboris nisi ut aliquip ex ea commodo consequat. Duis aute irure dolor in reprehenderit in voluptate velit esse cillum dolore eu fugiat nulla pariatur. Excepteur sint occaecat cupidatat non proident, sunt in culpa qui officia deserunt mollit anim id est laborum.',
        '/images/user-photos/user3.jpg', 1);
INSERT INTO job_match.basic_infos (id, description, picture_url, location_id)
VALUES (4,
        'Lorem ipsum dolor sit amet, consectetur adipiscing elit, sed do eiusmod tempor incididunt ut labore et dolore magna aliqua. Ut enim ad minim veniam, quis nostrud exercitation ullamco laboris nisi ut aliquip ex ea commodo consequat. Duis aute irure dolor in reprehenderit in voluptate velit esse cillum dolore eu fugiat nulla pariatur. Excepteur sint occaecat cupidatat non proident, sunt in culpa qui officia deserunt mollit anim id est laborum.',
        '/images/user-photos/user4.jpg', 20);
INSERT INTO job_match.basic_infos (id, description, picture_url, location_id)
VALUES (5,
        'Lorem ipsum dolor sit amet, consectetur adipiscing elit, sed do eiusmod tempor incididunt ut labore et dolore magna aliqua. Ut enim ad minim veniam, quis nostrud exercitation ullamco laboris nisi ut aliquip ex ea commodo consequat. Duis aute irure dolor in reprehenderit in voluptate velit esse cillum dolore eu fugiat nulla pariatur. Excepteur sint occaecat cupidatat non proident, sunt in culpa qui officia deserunt mollit anim id est laborum.',
        '/images/user-photos/user5.jpg', 17);
INSERT INTO job_match.basic_infos (id, description, picture_url, location_id)
VALUES (6,
        'Lorem ipsum dolor sit amet, consectetur adipiscing elit, sed do eiusmod tempor incididunt ut labore et dolore magna aliqua. Ut enim ad minim veniam, quis nostrud exercitation ullamco laboris nisi ut aliquip ex ea commodo consequat. Duis aute irure dolor in reprehenderit in voluptate velit esse cillum dolore eu fugiat nulla pariatur. Excepteur sint occaecat cupidatat non proident, sunt in culpa qui officia deserunt mollit anim id est laborum.',
        '/images/user-photos/user6.jpg', 2);
INSERT INTO job_match.basic_infos (id, description, picture_url, location_id)
VALUES (7,
        'Lorem ipsum dolor sit amet, consectetur adipiscing elit, sed do eiusmod tempor incididunt ut labore et dolore magna aliqua. Ut enim ad minim veniam, quis nostrud exercitation ullamco laboris nisi ut aliquip ex ea commodo consequat. Duis aute irure dolor in reprehenderit in voluptate velit esse cillum dolore eu fugiat nulla pariatur. Excepteur sint occaecat cupidatat non proident, sunt in culpa qui officia deserunt mollit anim id est laborum.',
        '/images/user-photos/user7.jpg', 1);
INSERT INTO job_match.basic_infos (id, description, picture_url, location_id)
VALUES (8,
        'Lorem ipsum dolor sit amet, consectetur adipiscing elit, sed do eiusmod tempor incididunt ut labore et dolore magna aliqua. Ut enim ad minim veniam, quis nostrud exercitation ullamco laboris nisi ut aliquip ex ea commodo consequat. Duis aute irure dolor in reprehenderit in voluptate velit esse cillum dolore eu fugiat nulla pariatur. Excepteur sint occaecat cupidatat non proident, sunt in culpa qui officia deserunt mollit anim id est laborum.',
        '/images/user-photos/user8.jpg', 18);
INSERT INTO job_match.basic_infos (id, description, picture_url, location_id)
VALUES (9,
        'Lorem ipsum dolor sit amet, consectetur adipiscing elit, sed do eiusmod tempor incididunt ut labore et dolore magna aliqua. Ut enim ad minim veniam, quis nostrud exercitation ullamco laboris nisi ut aliquip ex ea commodo consequat. Duis aute irure dolor in reprehenderit in voluptate velit esse cillum dolore eu fugiat nulla pariatur. Excepteur sint occaecat cupidatat non proident, sunt in culpa qui officia deserunt mollit anim id est laborum.',
        '/images/user-photos/user9.jpg', 1);
INSERT INTO job_match.basic_infos (id, description, picture_url, location_id)
VALUES (10,
        'Lorem ipsum dolor sit amet, consectetur adipiscing elit, sed do eiusmod tempor incididunt ut labore et dolore magna aliqua. Ut enim ad minim veniam, quis nostrud exercitation ullamco laboris nisi ut aliquip ex ea commodo consequat. Duis aute irure dolor in reprehenderit in voluptate velit esse cillum dolore eu fugiat nulla pariatur. Excepteur sint occaecat cupidatat non proident, sunt in culpa qui officia deserunt mollit anim id est laborum.',
        '/images/user-photos/user10.jpg', 8);
INSERT INTO job_match.basic_infos (id, description, picture_url, location_id)
VALUES (11,
        'Lorem ipsum dolor sit amet, consectetur adipiscing elit, sed do eiusmod tempor incididunt ut labore et dolore magna aliqua. Ut enim ad minim veniam, quis nostrud exercitation ullamco laboris nisi ut aliquip ex ea commodo consequat. Duis aute irure dolor in reprehenderit in voluptate velit esse cillum dolore eu fugiat nulla pariatur. Excepteur sint occaecat cupidatat non proident, sunt in culpa qui officia deserunt mollit anim id est laborum.',
        '/images/user-photos/user11.jpg', 4);
INSERT INTO job_match.basic_infos (id, description, picture_url, location_id)
VALUES (12,
        'Lorem ipsum dolor sit amet, consectetur adipiscing elit, sed do eiusmod tempor incididunt ut labore et dolore magna aliqua. Ut enim ad minim veniam, quis nostrud exercitation ullamco laboris nisi ut aliquip ex ea commodo consequat. Duis aute irure dolor in reprehenderit in voluptate velit esse cillum dolore eu fugiat nulla pariatur. Excepteur sint occaecat cupidatat non proident, sunt in culpa qui officia deserunt mollit anim id est laborum.',
        '/images/user-photos/user12.jpg', 3);
INSERT INTO job_match.basic_infos (id, description, picture_url, location_id)
VALUES (13,
        'Lorem ipsum dolor sit amet, consectetur adipiscing elit, sed do eiusmod tempor incididunt ut labore et dolore magna aliqua. Ut enim ad minim veniam, quis nostrud exercitation ullamco laboris nisi ut aliquip ex ea commodo consequat. Duis aute irure dolor in reprehenderit in voluptate velit esse cillum dolore eu fugiat nulla pariatur. Excepteur sint occaecat cupidatat non proident, sunt in culpa qui officia deserunt mollit anim id est laborum.',
        '/images/user-photos/user13.jpg', 1);
INSERT INTO job_match.basic_infos (id, description, picture_url, location_id)
VALUES (14,
        'Lorem ipsum dolor sit amet, consectetur adipiscing elit, sed do eiusmod tempor incididunt ut labore et dolore magna aliqua. Ut enim ad minim veniam, quis nostrud exercitation ullamco laboris nisi ut aliquip ex ea commodo consequat. Duis aute irure dolor in reprehenderit in voluptate velit esse cillum dolore eu fugiat nulla pariatur. Excepteur sint occaecat cupidatat non proident, sunt in culpa qui officia deserunt mollit anim id est laborum.',
        '/images/user-photos/user14.jpg', 20);
INSERT INTO job_match.basic_infos (id, description, picture_url, location_id)
VALUES (15,
        'Lorem ipsum dolor sit amet, consectetur adipiscing elit, sed do eiusmod tempor incididunt ut labore et dolore magna aliqua. Ut enim ad minim veniam, quis nostrud exercitation ullamco laboris nisi ut aliquip ex ea commodo consequat. Duis aute irure dolor in reprehenderit in voluptate velit esse cillum dolore eu fugiat nulla pariatur. Excepteur sint occaecat cupidatat non proident, sunt in culpa qui officia deserunt mollit anim id est laborum.',
        '/images/user-photos/user15.jpg', 19);
INSERT INTO job_match.basic_infos (id, description, picture_url, location_id)
VALUES (16,
        'Lorem ipsum dolor sit amet, consectetur adipiscing elit, sed do eiusmod tempor incididunt ut labore et dolore magna aliqua. Ut enim ad minim veniam, quis nostrud exercitation ullamco laboris nisi ut aliquip ex ea commodo consequat. Duis aute irure dolor in reprehenderit in voluptate velit esse cillum dolore eu fugiat nulla pariatur. Excepteur sint occaecat cupidatat non proident, sunt in culpa qui officia deserunt mollit anim id est laborum.',
        '/images/user-photos/user16.jpg', 17);
INSERT INTO job_match.basic_infos (id, description, picture_url, location_id)
VALUES (17,
        'Lorem ipsum dolor sit amet, consectetur adipiscing elit, sed do eiusmod tempor incididunt ut labore et dolore magna aliqua. Ut enim ad minim veniam, quis nostrud exercitation ullamco laboris nisi ut aliquip ex ea commodo consequat. Duis aute irure dolor in reprehenderit in voluptate velit esse cillum dolore eu fugiat nulla pariatur. Excepteur sint occaecat cupidatat non proident, sunt in culpa qui officia deserunt mollit anim id est laborum.',
        '/images/user-photos/user17.jpg', 1);
INSERT INTO job_match.basic_infos (id, description, picture_url, location_id)
VALUES (18,
        'Lorem ipsum dolor sit amet, consectetur adipiscing elit, sed do eiusmod tempor incididunt ut labore et dolore magna aliqua. Ut enim ad minim veniam, quis nostrud exercitation ullamco laboris nisi ut aliquip ex ea commodo consequat. Duis aute irure dolor in reprehenderit in voluptate velit esse cillum dolore eu fugiat nulla pariatur. Excepteur sint occaecat cupidatat non proident, sunt in culpa qui officia deserunt mollit anim id est laborum.',
        '/images/user-photos/user18.jpg', 2);
INSERT INTO job_match.basic_infos (id, description, picture_url, location_id)
VALUES (19,
        'Lorem ipsum dolor sit amet, consectetur adipiscing elit, sed do eiusmod tempor incididunt ut labore et dolore magna aliqua. Ut enim ad minim veniam, quis nostrud exercitation ullamco laboris nisi ut aliquip ex ea commodo consequat. Duis aute irure dolor in reprehenderit in voluptate velit esse cillum dolore eu fugiat nulla pariatur. Excepteur sint occaecat cupidatat non proident, sunt in culpa qui officia deserunt mollit anim id est laborum.',
        '/images/user-photos/user19.jpg', 1);
INSERT INTO job_match.basic_infos (id, description, picture_url, location_id)
VALUES (20,
        'Lorem ipsum dolor sit amet, consectetur adipiscing elit, sed do eiusmod tempor incididunt ut labore et dolore magna aliqua. Ut enim ad minim veniam, quis nostrud exercitation ullamco laboris nisi ut aliquip ex ea commodo consequat. Duis aute irure dolor in reprehenderit in voluptate velit esse cillum dolore eu fugiat nulla pariatur. Excepteur sint occaecat cupidatat non proident, sunt in culpa qui officia deserunt mollit anim id est laborum.',
        '/images/user-photos/user20.jpg', 3);
INSERT INTO job_match.basic_infos (id, description, picture_url, location_id)
VALUES (21,
        'Lorem ipsum dolor sit amet, consectetur adipiscing elit, sed do eiusmod tempor incididunt ut labore et dolore magna aliqua. Ut enim ad minim veniam, quis nostrud exercitation ullamco laboris nisi ut aliquip ex ea commodo consequat. Duis aute irure dolor in reprehenderit in voluptate velit esse cillum dolore eu fugiat nulla pariatur. Excepteur sint occaecat cupidatat non proident, sunt in culpa qui officia deserunt mollit anim id est laborum.',
        '/images/user-photos/user21.jpg', 4);
INSERT INTO job_match.basic_infos (id, description, picture_url, location_id)
VALUES (22,
        'Lorem ipsum dolor sit amet, consectetur adipiscing elit, sed do eiusmod tempor incididunt ut labore et dolore magna aliqua. Ut enim ad minim veniam, quis nostrud exercitation ullamco laboris nisi ut aliquip ex ea commodo consequat. Duis aute irure dolor in reprehenderit in voluptate velit esse cillum dolore eu fugiat nulla pariatur. Excepteur sint occaecat cupidatat non proident, sunt in culpa qui officia deserunt mollit anim id est laborum.',
        '/images/user-photos/user22.jpg', 7);
INSERT INTO job_match.basic_infos (id, description, picture_url, location_id)
VALUES (23,
        'Lorem ipsum dolor sit amet, consectetur adipiscing elit, sed do eiusmod tempor incididunt ut labore et dolore magna aliqua. Ut enim ad minim veniam, quis nostrud exercitation ullamco laboris nisi ut aliquip ex ea commodo consequat. Duis aute irure dolor in reprehenderit in voluptate velit esse cillum dolore eu fugiat nulla pariatur. Excepteur sint occaecat cupidatat non proident, sunt in culpa qui officia deserunt mollit anim id est laborum.',
        '/images/user-photos/user23.jpg', 19);
INSERT INTO job_match.basic_infos (id, description, picture_url, location_id)
VALUES (24,
        'Lorem ipsum dolor sit amet, consectetur adipiscing elit, sed do eiusmod tempor incididunt ut labore et dolore magna aliqua. Ut enim ad minim veniam, quis nostrud exercitation ullamco laboris nisi ut aliquip ex ea commodo consequat. Duis aute irure dolor in reprehenderit in voluptate velit esse cillum dolore eu fugiat nulla pariatur. Excepteur sint occaecat cupidatat non proident, sunt in culpa qui officia deserunt mollit anim id est laborum.',
        '/images/user-photos/user24.jpg', 5);
INSERT INTO job_match.basic_infos (id, description, picture_url, location_id)
VALUES (25,
        'Lorem ipsum dolor sit amet, consectetur adipiscing elit, sed do eiusmod tempor incididunt ut labore et dolore magna aliqua. Ut enim ad minim veniam, quis nostrud exercitation ullamco laboris nisi ut aliquip ex ea commodo consequat. Duis aute irure dolor in reprehenderit in voluptate velit esse cillum dolore eu fugiat nulla pariatur. Excepteur sint occaecat cupidatat non proident, sunt in culpa qui officia deserunt mollit anim id est laborum.',
        '/images/user-photos/user25.jpg', 20);
INSERT INTO job_match.basic_infos (id, description, picture_url, location_id)
VALUES (26,
        'Lorem ipsum dolor sit amet, consectetur adipiscing elit, sed do eiusmod tempor incididunt ut labore et dolore magna aliqua. Ut enim ad minim veniam, quis nostrud exercitation ullamco laboris nisi ut aliquip ex ea commodo consequat. Duis aute irure dolor in reprehenderit in voluptate velit esse cillum dolore eu fugiat nulla pariatur. Excepteur sint occaecat cupidatat non proident, sunt in culpa qui officia deserunt mollit anim id est laborum.',
        '/images/user-photos/user26.jpg', 9);
INSERT INTO job_match.basic_infos (id, description, picture_url, location_id)
VALUES (27,
        'Lorem ipsum dolor sit amet, consectetur adipiscing elit, sed do eiusmod tempor incididunt ut labore et dolore magna aliqua. Ut enim ad minim veniam, quis nostrud exercitation ullamco laboris nisi ut aliquip ex ea commodo consequat. Duis aute irure dolor in reprehenderit in voluptate velit esse cillum dolore eu fugiat nulla pariatur. Excepteur sint occaecat cupidatat non proident, sunt in culpa qui officia deserunt mollit anim id est laborum.',
        '/images/user-photos/user27.jpg', 1);
INSERT INTO job_match.basic_infos (id, description, picture_url, location_id)
VALUES (28,
        'Lorem ipsum dolor sit amet, consectetur adipiscing elit, sed do eiusmod tempor incididunt ut labore et dolore magna aliqua. Ut enim ad minim veniam, quis nostrud exercitation ullamco laboris nisi ut aliquip ex ea commodo consequat. Duis aute irure dolor in reprehenderit in voluptate velit esse cillum dolore eu fugiat nulla pariatur. Excepteur sint occaecat cupidatat non proident, sunt in culpa qui officia deserunt mollit anim id est laborum.',
        '/images/user-photos/user28.jpg', 2);
INSERT INTO job_match.basic_infos (id, description, picture_url, location_id)
VALUES (29,
        'Lorem ipsum dolor sit amet, consectetur adipiscing elit, sed do eiusmod tempor incididunt ut labore et dolore magna aliqua. Ut enim ad minim veniam, quis nostrud exercitation ullamco laboris nisi ut aliquip ex ea commodo consequat. Duis aute irure dolor in reprehenderit in voluptate velit esse cillum dolore eu fugiat nulla pariatur. Excepteur sint occaecat cupidatat non proident, sunt in culpa qui officia deserunt mollit anim id est laborum.',
        '/images/user-photos/user29.jpg', 3);
INSERT INTO job_match.basic_infos (id, description, picture_url, location_id)
VALUES (30,
        'Lorem ipsum dolor sit amet, consectetur adipiscing elit, sed do eiusmod tempor incididunt ut labore et dolore magna aliqua. Ut enim ad minim veniam, quis nostrud exercitation ullamco laboris nisi ut aliquip ex ea commodo consequat. Duis aute irure dolor in reprehenderit in voluptate velit esse cillum dolore eu fugiat nulla pariatur. Excepteur sint occaecat cupidatat non proident, sunt in culpa qui officia deserunt mollit anim id est laborum.',
        '/images/user-photos/user30.jpg', 17);
INSERT INTO job_match.basic_infos (id, description, picture_url, location_id)
VALUES (31,
        'Lorem ipsum dolor sit amet, consectetur adipiscing elit, sed do eiusmod tempor incididunt ut labore et dolore magna aliqua. Ut enim ad minim veniam, quis nostrud exercitation ullamco laboris nisi ut aliquip ex ea commodo consequat. Duis aute irure dolor in reprehenderit in voluptate velit esse cillum dolore eu fugiat nulla pariatur. Excepteur sint occaecat cupidatat non proident, sunt in culpa qui officia deserunt mollit anim id est laborum.',
        '/images/user-photos/user31.jpg', 15);
INSERT INTO job_match.basic_infos (id, description, picture_url, location_id)
VALUES (32,
        'Lorem ipsum dolor sit amet, consectetur adipiscing elit, sed do eiusmod tempor incididunt ut labore et dolore magna aliqua. Ut enim ad minim veniam, quis nostrud exercitation ullamco laboris nisi ut aliquip ex ea commodo consequat. Duis aute irure dolor in reprehenderit in voluptate velit esse cillum dolore eu fugiat nulla pariatur. Excepteur sint occaecat cupidatat non proident, sunt in culpa qui officia deserunt mollit anim id est laborum.',
        '/images/user-photos/user32.jpg', 16);
INSERT INTO job_match.basic_infos (id, description, picture_url, location_id)
VALUES (33,
        'Lorem ipsum dolor sit amet, consectetur adipiscing elit, sed do eiusmod tempor incididunt ut labore et dolore magna aliqua. Ut enim ad minim veniam, quis nostrud exercitation ullamco laboris nisi ut aliquip ex ea commodo consequat. Duis aute irure dolor in reprehenderit in voluptate velit esse cillum dolore eu fugiat nulla pariatur. Excepteur sint occaecat cupidatat non proident, sunt in culpa qui officia deserunt mollit anim id est laborum.',
        '/images/user-photos/user33.jpg', 1);
INSERT INTO job_match.basic_infos (id, description, picture_url, location_id)
VALUES (34,
        'Lorem ipsum dolor sit amet, consectetur adipiscing elit, sed do eiusmod tempor incididunt ut labore et dolore magna aliqua. Ut enim ad minim veniam, quis nostrud exercitation ullamco laboris nisi ut aliquip ex ea commodo consequat. Duis aute irure dolor in reprehenderit in voluptate velit esse cillum dolore eu fugiat nulla pariatur. Excepteur sint occaecat cupidatat non proident, sunt in culpa qui officia deserunt mollit anim id est laborum.',
        '/images/user-photos/user34.jpg', 14);
INSERT INTO job_match.basic_infos (id, description, picture_url, location_id)
VALUES (35,
        'Lorem ipsum dolor sit amet, consectetur adipiscing elit, sed do eiusmod tempor incididunt ut labore et dolore magna aliqua. Ut enim ad minim veniam, quis nostrud exercitation ullamco laboris nisi ut aliquip ex ea commodo consequat. Duis aute irure dolor in reprehenderit in voluptate velit esse cillum dolore eu fugiat nulla pariatur. Excepteur sint occaecat cupidatat non proident, sunt in culpa qui officia deserunt mollit anim id est laborum.',
        '/images/user-photos/user35.jpg', 10);
INSERT INTO job_match.basic_infos (id, description, picture_url, location_id)
VALUES (36,
        'Lorem ipsum dolor sit amet, consectetur adipiscing elit, sed do eiusmod tempor incididunt ut labore et dolore magna aliqua. Ut enim ad minim veniam, quis nostrud exercitation ullamco laboris nisi ut aliquip ex ea commodo consequat. Duis aute irure dolor in reprehenderit in voluptate velit esse cillum dolore eu fugiat nulla pariatur. Excepteur sint occaecat cupidatat non proident, sunt in culpa qui officia deserunt mollit anim id est laborum.',
        '/images/user-photos/user36.jpg', 11);
INSERT INTO job_match.basic_infos (id, description, picture_url, location_id)
VALUES (37,
        'Lorem ipsum dolor sit amet, consectetur adipiscing elit, sed do eiusmod tempor incididunt ut labore et dolore magna aliqua. Ut enim ad minim veniam, quis nostrud exercitation ullamco laboris nisi ut aliquip ex ea commodo consequat. Duis aute irure dolor in reprehenderit in voluptate velit esse cillum dolore eu fugiat nulla pariatur. Excepteur sint occaecat cupidatat non proident, sunt in culpa qui officia deserunt mollit anim id est laborum.',
        '/images/user-photos/user37.jpg', 12);
INSERT INTO job_match.basic_infos (id, description, picture_url, location_id)
VALUES (38,
        'Lorem ipsum dolor sit amet, consectetur adipiscing elit, sed do eiusmod tempor incididunt ut labore et dolore magna aliqua. Ut enim ad minim veniam, quis nostrud exercitation ullamco laboris nisi ut aliquip ex ea commodo consequat. Duis aute irure dolor in reprehenderit in voluptate velit esse cillum dolore eu fugiat nulla pariatur. Excepteur sint occaecat cupidatat non proident, sunt in culpa qui officia deserunt mollit anim id est laborum.',
        '/images/user-photos/user38.jpg', 16);
INSERT INTO job_match.basic_infos (id, description, picture_url, location_id)
VALUES (39,
        'Lorem ipsum dolor sit amet, consectetur adipiscing elit, sed do eiusmod tempor incididunt ut labore et dolore magna aliqua. Ut enim ad minim veniam, quis nostrud exercitation ullamco laboris nisi ut aliquip ex ea commodo consequat. Duis aute irure dolor in reprehenderit in voluptate velit esse cillum dolore eu fugiat nulla pariatur. Excepteur sint occaecat cupidatat non proident, sunt in culpa qui officia deserunt mollit anim id est laborum.',
        '/images/user-photos/user39.jpg', 4);
INSERT INTO job_match.basic_infos (id, description, picture_url, location_id)
VALUES (40,
        'Lorem ipsum dolor sit amet, consectetur adipiscing elit, sed do eiusmod tempor incididunt ut labore et dolore magna aliqua. Ut enim ad minim veniam, quis nostrud exercitation ullamco laboris nisi ut aliquip ex ea commodo consequat. Duis aute irure dolor in reprehenderit in voluptate velit esse cillum dolore eu fugiat nulla pariatur. Excepteur sint occaecat cupidatat non proident, sunt in culpa qui officia deserunt mollit anim id est laborum.',
        '/images/user-photos/user40.jpg', 8);
INSERT INTO job_match.basic_infos (id, description, picture_url, location_id)
VALUES (41,
        'Lorem ipsum dolor sit amet, consectetur adipiscing elit, sed do eiusmod tempor incididunt ut labore et dolore magna aliqua. Ut enim ad minim veniam, quis nostrud exercitation ullamco laboris nisi ut aliquip ex ea commodo consequat. Duis aute irure dolor in reprehenderit in voluptate velit esse cillum dolore eu fugiat nulla pariatur. Excepteur sint occaecat cupidatat non proident, sunt in culpa qui officia deserunt mollit anim id est laborum.',
        '/images/user-photos/user51.png', 1);
INSERT INTO job_match.basic_infos (id, description, picture_url, location_id)
VALUES (42,
        'Lorem ipsum dolor sit amet, consectetur adipiscing elit, sed do eiusmod tempor incididunt ut labore et dolore magna aliqua. Ut enim ad minim veniam, quis nostrud exercitation ullamco laboris nisi ut aliquip ex ea commodo consequat. Duis aute irure dolor in reprehenderit in voluptate velit esse cillum dolore eu fugiat nulla pariatur. Excepteur sint occaecat cupidatat non proident, sunt in culpa qui officia deserunt mollit anim id est laborum.',
        '/images/user-photos/user52.png', 2);
INSERT INTO job_match.basic_infos (id, description, picture_url, location_id)
VALUES (43,
        'Lorem ipsum dolor sit amet, consectetur adipiscing elit, sed do eiusmod tempor incididunt ut labore et dolore magna aliqua. Ut enim ad minim veniam, quis nostrud exercitation ullamco laboris nisi ut aliquip ex ea commodo consequat. Duis aute irure dolor in reprehenderit in voluptate velit esse cillum dolore eu fugiat nulla pariatur. Excepteur sint occaecat cupidatat non proident, sunt in culpa qui officia deserunt mollit anim id est laborum.',
        '/images/user-photos/user53.png', 17);
INSERT INTO job_match.basic_infos (id, description, picture_url, location_id)
VALUES (44,
        'Lorem ipsum dolor sit amet, consectetur adipiscing elit, sed do eiusmod tempor incididunt ut labore et dolore magna aliqua. Ut enim ad minim veniam, quis nostrud exercitation ullamco laboris nisi ut aliquip ex ea commodo consequat. Duis aute irure dolor in reprehenderit in voluptate velit esse cillum dolore eu fugiat nulla pariatur. Excepteur sint occaecat cupidatat non proident, sunt in culpa qui officia deserunt mollit anim id est laborum.',
        '/images/user-photos/user54.png', 18);
INSERT INTO job_match.basic_infos (id, description, picture_url, location_id)
VALUES (45,
        'Lorem ipsum dolor sit amet, consectetur adipiscing elit, sed do eiusmod tempor incididunt ut labore et dolore magna aliqua. Ut enim ad minim veniam, quis nostrud exercitation ullamco laboris nisi ut aliquip ex ea commodo consequat. Duis aute irure dolor in reprehenderit in voluptate velit esse cillum dolore eu fugiat nulla pariatur. Excepteur sint occaecat cupidatat non proident, sunt in culpa qui officia deserunt mollit anim id est laborum.',
        '/images/user-photos/user55.png', 1);
INSERT INTO job_match.basic_infos (id, description, picture_url, location_id)
VALUES (46,
        'Lorem ipsum dolor sit amet, consectetur adipiscing elit, sed do eiusmod tempor incididunt ut labore et dolore magna aliqua. Ut enim ad minim veniam, quis nostrud exercitation ullamco laboris nisi ut aliquip ex ea commodo consequat. Duis aute irure dolor in reprehenderit in voluptate velit esse cillum dolore eu fugiat nulla pariatur. Excepteur sint occaecat cupidatat non proident, sunt in culpa qui officia deserunt mollit anim id est laborum.',
        '/images/user-photos/user56.png', 3);
INSERT INTO job_match.basic_infos (id, description, picture_url, location_id)
VALUES (47,
        'Lorem ipsum dolor sit amet, consectetur adipiscing elit, sed do eiusmod tempor incididunt ut labore et dolore magna aliqua. Ut enim ad minim veniam, quis nostrud exercitation ullamco laboris nisi ut aliquip ex ea commodo consequat. Duis aute irure dolor in reprehenderit in voluptate velit esse cillum dolore eu fugiat nulla pariatur. Excepteur sint occaecat cupidatat non proident, sunt in culpa qui officia deserunt mollit anim id est laborum.',
        '/images/user-photos/user57.png', 2);
INSERT INTO job_match.basic_infos (id, description, picture_url, location_id)
VALUES (48,
        'Lorem ipsum dolor sit amet, consectetur adipiscing elit, sed do eiusmod tempor incididunt ut labore et dolore magna aliqua. Ut enim ad minim veniam, quis nostrud exercitation ullamco laboris nisi ut aliquip ex ea commodo consequat. Duis aute irure dolor in reprehenderit in voluptate velit esse cillum dolore eu fugiat nulla pariatur. Excepteur sint occaecat cupidatat non proident, sunt in culpa qui officia deserunt mollit anim id est laborum.',
        '/images/user-photos/user58.png', 19);
INSERT INTO job_match.basic_infos (id, description, picture_url, location_id)
VALUES (49,
        'Lorem ipsum dolor sit amet, consectetur adipiscing elit, sed do eiusmod tempor incididunt ut labore et dolore magna aliqua. Ut enim ad minim veniam, quis nostrud exercitation ullamco laboris nisi ut aliquip ex ea commodo consequat. Duis aute irure dolor in reprehenderit in voluptate velit esse cillum dolore eu fugiat nulla pariatur. Excepteur sint occaecat cupidatat non proident, sunt in culpa qui officia deserunt mollit anim id est laborum.',
        '/images/user-photos/user59.png', 20);
INSERT INTO job_match.basic_infos (id, description, picture_url, location_id)
VALUES (50,
        'Lorem ipsum dolor sit amet, consectetur adipiscing elit, sed do eiusmod tempor incididunt ut labore et dolore magna aliqua. Ut enim ad minim veniam, quis nostrud exercitation ullamco laboris nisi ut aliquip ex ea commodo consequat. Duis aute irure dolor in reprehenderit in voluptate velit esse cillum dolore eu fugiat nulla pariatur. Excepteur sint occaecat cupidatat non proident, sunt in culpa qui officia deserunt mollit anim id est laborum.',
        '/images/user-photos/user60.png', 20);
INSERT INTO job_match.basic_infos (id, description, picture_url, location_id)
VALUES (51,
        'Lorem ipsum dolor sit amet, consectetur adipiscing elit, sed do eiusmod tempor incididunt ut labore et dolore magna aliqua. Ut enim ad minim veniam, quis nostrud exercitation ullamco laboris nisi ut aliquip ex ea commodo consequat. Duis aute irure dolor in reprehenderit in voluptate velit esse cillum dolore eu fugiat nulla pariatur. Excepteur sint occaecat cupidatat non proident, sunt in culpa qui officia deserunt mollit anim id est laborum.',
        '/images/user-photos/user61.png', 1);
INSERT INTO job_match.basic_infos (id, description, picture_url, location_id)
VALUES (52,
        'Lorem ipsum dolor sit amet, consectetur adipiscing elit, sed do eiusmod tempor incididunt ut labore et dolore magna aliqua. Ut enim ad minim veniam, quis nostrud exercitation ullamco laboris nisi ut aliquip ex ea commodo consequat. Duis aute irure dolor in reprehenderit in voluptate velit esse cillum dolore eu fugiat nulla pariatur. Excepteur sint occaecat cupidatat non proident, sunt in culpa qui officia deserunt mollit anim id est laborum.',
        '/images/user-photos/user62.png', 2);
INSERT INTO job_match.basic_infos (id, description, picture_url, location_id)
VALUES (53,
        'Lorem ipsum dolor sit amet, consectetur adipiscing elit, sed do eiusmod tempor incididunt ut labore et dolore magna aliqua. Ut enim ad minim veniam, quis nostrud exercitation ullamco laboris nisi ut aliquip ex ea commodo consequat. Duis aute irure dolor in reprehenderit in voluptate velit esse cillum dolore eu fugiat nulla pariatur. Excepteur sint occaecat cupidatat non proident, sunt in culpa qui officia deserunt mollit anim id est laborum.',
        '/images/user-photos/user63.png', 18);
INSERT INTO job_match.basic_infos (id, description, picture_url, location_id)
VALUES (54,
        'Lorem ipsum dolor sit amet, consectetur adipiscing elit, sed do eiusmod tempor incididunt ut labore et dolore magna aliqua. Ut enim ad minim veniam, quis nostrud exercitation ullamco laboris nisi ut aliquip ex ea commodo consequat. Duis aute irure dolor in reprehenderit in voluptate velit esse cillum dolore eu fugiat nulla pariatur. Excepteur sint occaecat cupidatat non proident, sunt in culpa qui officia deserunt mollit anim id est laborum.',
        '/images/user-photos/user64.png', 19);
INSERT INTO job_match.basic_infos (id, description, picture_url, location_id)
VALUES (55,
        'Lorem ipsum dolor sit amet, consectetur adipiscing elit, sed do eiusmod tempor incididunt ut labore et dolore magna aliqua. Ut enim ad minim veniam, quis nostrud exercitation ullamco laboris nisi ut aliquip ex ea commodo consequat. Duis aute irure dolor in reprehenderit in voluptate velit esse cillum dolore eu fugiat nulla pariatur. Excepteur sint occaecat cupidatat non proident, sunt in culpa qui officia deserunt mollit anim id est laborum.',
        '/images/user-photos/user65.png', 19);
INSERT INTO job_match.basic_infos (id, description, picture_url, location_id)
VALUES (56,
        'Lorem ipsum dolor sit amet, consectetur adipiscing elit, sed do eiusmod tempor incididunt ut labore et dolore magna aliqua. Ut enim ad minim veniam, quis nostrud exercitation ullamco laboris nisi ut aliquip ex ea commodo consequat. Duis aute irure dolor in reprehenderit in voluptate velit esse cillum dolore eu fugiat nulla pariatur. Excepteur sint occaecat cupidatat non proident, sunt in culpa qui officia deserunt mollit anim id est laborum.',
        '/images/user-photos/user66.png', 3);
INSERT INTO job_match.basic_infos (id, description, picture_url, location_id)
VALUES (57,
        'Lorem ipsum dolor sit amet, consectetur adipiscing elit, sed do eiusmod tempor incididunt ut labore et dolore magna aliqua. Ut enim ad minim veniam, quis nostrud exercitation ullamco laboris nisi ut aliquip ex ea commodo consequat. Duis aute irure dolor in reprehenderit in voluptate velit esse cillum dolore eu fugiat nulla pariatur. Excepteur sint occaecat cupidatat non proident, sunt in culpa qui officia deserunt mollit anim id est laborum.',
        '/images/user-photos/user67.png', 1);
INSERT INTO job_match.basic_infos (id, description, picture_url, location_id)
VALUES (58,
        'Lorem ipsum dolor sit amet, consectetur adipiscing elit, sed do eiusmod tempor incididunt ut labore et dolore magna aliqua. Ut enim ad minim veniam, quis nostrud exercitation ullamco laboris nisi ut aliquip ex ea commodo consequat. Duis aute irure dolor in reprehenderit in voluptate velit esse cillum dolore eu fugiat nulla pariatur. Excepteur sint occaecat cupidatat non proident, sunt in culpa qui officia deserunt mollit anim id est laborum.',
        '/images/user-photos/user68.png', 19);
INSERT INTO job_match.basic_infos (id, description, picture_url, location_id)
VALUES (59,
        'Lorem ipsum dolor sit amet, consectetur adipiscing elit, sed do eiusmod tempor incididunt ut labore et dolore magna aliqua. Ut enim ad minim veniam, quis nostrud exercitation ullamco laboris nisi ut aliquip ex ea commodo consequat. Duis aute irure dolor in reprehenderit in voluptate velit esse cillum dolore eu fugiat nulla pariatur. Excepteur sint occaecat cupidatat non proident, sunt in culpa qui officia deserunt mollit anim id est laborum.',
        '/images/user-photos/user69.png', 19);
INSERT INTO job_match.basic_infos (id, description, picture_url, location_id)
VALUES (60,
        'Lorem ipsum dolor sit amet, consectetur adipiscing elit, sed do eiusmod tempor incididunt ut labore et dolore magna aliqua. Ut enim ad minim veniam, quis nostrud exercitation ullamco laboris nisi ut aliquip ex ea commodo consequat. Duis aute irure dolor in reprehenderit in voluptate velit esse cillum dolore eu fugiat nulla pariatur. Excepteur sint occaecat cupidatat non proident, sunt in culpa qui officia deserunt mollit anim id est laborum.',
        '/images/user-photos/user70.png', 17);

INSERT INTO job_match.company_infos (info_id, company_id, contacts)
VALUES (41, 51, 'Bulgaria | 1000 Sofia | 1, Shipka Street | tel. +359/888 888 888');
INSERT INTO job_match.company_infos (info_id, company_id, contacts)
VALUES (42, 52, 'Bulgaria | 1000 Sofia | 1, Shipka Street | tel. +359/888 888 888');
INSERT INTO job_match.company_infos (info_id, company_id, contacts)
VALUES (43, 53, 'Bulgaria | 1000 Sofia | 1, Shipka Street | tel. +359/888 888 888');
INSERT INTO job_match.company_infos (info_id, company_id, contacts)
VALUES (44, 54, 'Bulgaria | 1000 Sofia | 1, Shipka Street | tel. +359/888 888 888');
INSERT INTO job_match.company_infos (info_id, company_id, contacts)
VALUES (45, 55, 'Bulgaria | 1000 Sofia | 1, Shipka Street | tel. +359/888 888 888');
INSERT INTO job_match.company_infos (info_id, company_id, contacts)
VALUES (46, 56, 'Bulgaria | 1000 Sofia | 1, Shipka Street | tel. +359/888 888 888');
INSERT INTO job_match.company_infos (info_id, company_id, contacts)
VALUES (47, 57, 'Bulgaria | 1000 Sofia | 1, Shipka Street | tel. +359/888 888 888');
INSERT INTO job_match.company_infos (info_id, company_id, contacts)
VALUES (48, 58, 'Bulgaria | 1000 Sofia | 1, Shipka Street | tel. +359/888 888 888');
INSERT INTO job_match.company_infos (info_id, company_id, contacts)
VALUES (49, 59, 'Bulgaria | 1000 Sofia | 1, Shipka Street | tel. +359/888 888 888');
INSERT INTO job_match.company_infos (info_id, company_id, contacts)
VALUES (50, 60, 'Bulgaria | 1000 Sofia | 1, Shipka Street | tel. +359/888 888 888');
INSERT INTO job_match.company_infos (info_id, company_id, contacts)
VALUES (51, 61, 'Bulgaria | 1000 Sofia | 1, Shipka Street | tel. +359/888 888 888');
INSERT INTO job_match.company_infos (info_id, company_id, contacts)
VALUES (52, 62, 'Bulgaria | 1000 Sofia | 1, Shipka Street | tel. +359/888 888 888');
INSERT INTO job_match.company_infos (info_id, company_id, contacts)
VALUES (53, 63, 'Bulgaria | 1000 Sofia | 1, Shipka Street | tel. +359/888 888 888');
INSERT INTO job_match.company_infos (info_id, company_id, contacts)
VALUES (54, 64, 'Bulgaria | 1000 Sofia | 1, Shipka Street | tel. +359/888 888 888');
INSERT INTO job_match.company_infos (info_id, company_id, contacts)
VALUES (55, 65, 'Bulgaria | 1000 Sofia | 1, Shipka Street | tel. +359/888 888 888');
INSERT INTO job_match.company_infos (info_id, company_id, contacts)
VALUES (56, 66, 'Bulgaria | 1000 Sofia | 1, Shipka Street | tel. +359/888 888 888');
INSERT INTO job_match.company_infos (info_id, company_id, contacts)
VALUES (57, 67, 'Bulgaria | 1000 Sofia | 1, Shipka Street | tel. +359/888 888 888');
INSERT INTO job_match.company_infos (info_id, company_id, contacts)
VALUES (58, 68, 'Bulgaria | 1000 Sofia | 1, Shipka Street | tel. +359/888 888 888');
INSERT INTO job_match.company_infos (info_id, company_id, contacts)
VALUES (59, 69, 'Bulgaria | 1000 Sofia | 1, Shipka Street | tel. +359/888 888 888');
INSERT INTO job_match.company_infos (info_id, company_id, contacts)
VALUES (60, 70, 'Bulgaria | 1000 Sofia | 1, Shipka Street | tel. +359/888 888 888');

INSERT INTO job_match.professional_infos (info_id, professional_id, is_active)
VALUES (1, 1, 1);
INSERT INTO job_match.professional_infos (info_id, professional_id, is_active)
VALUES (2, 2, 1);
INSERT INTO job_match.professional_infos (info_id, professional_id, is_active)
VALUES (3, 3, 1);
INSERT INTO job_match.professional_infos (info_id, professional_id, is_active)
VALUES (4, 4, 1);
INSERT INTO job_match.professional_infos (info_id, professional_id, is_active)
VALUES (5, 5, 1);
INSERT INTO job_match.professional_infos (info_id, professional_id, is_active)
VALUES (6, 6, 1);
INSERT INTO job_match.professional_infos (info_id, professional_id, is_active)
VALUES (7, 7, 1);
INSERT INTO job_match.professional_infos (info_id, professional_id, is_active)
VALUES (8, 8, 1);
INSERT INTO job_match.professional_infos (info_id, professional_id, is_active)
VALUES (9, 9, 1);
INSERT INTO job_match.professional_infos (info_id, professional_id, is_active)
VALUES (10, 10, 1);
INSERT INTO job_match.professional_infos (info_id, professional_id, is_active)
VALUES (11, 11, 1);
INSERT INTO job_match.professional_infos (info_id, professional_id, is_active)
VALUES (12, 12, 1);
INSERT INTO job_match.professional_infos (info_id, professional_id, is_active)
VALUES (13, 13, 1);
INSERT INTO job_match.professional_infos (info_id, professional_id, is_active)
VALUES (14, 14, 1);
INSERT INTO job_match.professional_infos (info_id, professional_id, is_active)
VALUES (15, 15, 1);
INSERT INTO job_match.professional_infos (info_id, professional_id, is_active)
VALUES (16, 16, 1);
INSERT INTO job_match.professional_infos (info_id, professional_id, is_active)
VALUES (17, 17, 1);
INSERT INTO job_match.professional_infos (info_id, professional_id, is_active)
VALUES (18, 18, 1);
INSERT INTO job_match.professional_infos (info_id, professional_id, is_active)
VALUES (19, 19, 1);
INSERT INTO job_match.professional_infos (info_id, professional_id, is_active)
VALUES (20, 20, 1);
INSERT INTO job_match.professional_infos (info_id, professional_id, is_active)
VALUES (21, 21, 1);
INSERT INTO job_match.professional_infos (info_id, professional_id, is_active)
VALUES (22, 22, 1);
INSERT INTO job_match.professional_infos (info_id, professional_id, is_active)
VALUES (23, 23, 1);
INSERT INTO job_match.professional_infos (info_id, professional_id, is_active)
VALUES (24, 24, 1);
INSERT INTO job_match.professional_infos (info_id, professional_id, is_active)
VALUES (25, 25, 1);
INSERT INTO job_match.professional_infos (info_id, professional_id, is_active)
VALUES (26, 26, 1);
INSERT INTO job_match.professional_infos (info_id, professional_id, is_active)
VALUES (27, 27, 1);
INSERT INTO job_match.professional_infos (info_id, professional_id, is_active)
VALUES (28, 28, 1);
INSERT INTO job_match.professional_infos (info_id, professional_id, is_active)
VALUES (29, 29, 1);
INSERT INTO job_match.professional_infos (info_id, professional_id, is_active)
VALUES (30, 30, 1);
INSERT INTO job_match.professional_infos (info_id, professional_id, is_active)
VALUES (31, 31, 1);
INSERT INTO job_match.professional_infos (info_id, professional_id, is_active)
VALUES (32, 32, 1);
INSERT INTO job_match.professional_infos (info_id, professional_id, is_active)
VALUES (33, 33, 1);
INSERT INTO job_match.professional_infos (info_id, professional_id, is_active)
VALUES (34, 34, 1);
INSERT INTO job_match.professional_infos (info_id, professional_id, is_active)
VALUES (35, 35, 1);
INSERT INTO job_match.professional_infos (info_id, professional_id, is_active)
VALUES (36, 36, 1);
INSERT INTO job_match.professional_infos (info_id, professional_id, is_active)
VALUES (37, 37, 1);
INSERT INTO job_match.professional_infos (info_id, professional_id, is_active)
VALUES (38, 38, 1);
INSERT INTO job_match.professional_infos (info_id, professional_id, is_active)
VALUES (39, 39, 1);
INSERT INTO job_match.professional_infos (info_id, professional_id, is_active)
VALUES (40, 40, 1);

INSERT INTO job_match.skills (id, skill)
VALUES (1, 'teamwork');
INSERT INTO job_match.skills (id, skill)
VALUES (2, 'problem solving');
INSERT INTO job_match.skills (id, skill)
VALUES (3, 'flexibility');
INSERT INTO job_match.skills (id, skill)
VALUES (4, 'creativity');
INSERT INTO job_match.skills (id, skill)
VALUES (5, 'effective communication');
INSERT INTO job_match.skills (id, skill)
VALUES (6, 'responsibility');
INSERT INTO job_match.skills (id, skill)
VALUES (7, 'emotional intelligence');
INSERT INTO job_match.skills (id, skill)
VALUES (8, 'attention to detail');
INSERT INTO job_match.skills (id, skill)
VALUES (9, 'adaptability');
INSERT INTO job_match.skills (id, skill)
VALUES (10, 'leadership');
INSERT INTO job_match.skills (id, skill)
VALUES (11, 'critical thinking');
INSERT INTO job_match.skills (id, skill)
VALUES (12, 'stress management');
INSERT INTO job_match.skills (id, skill)
VALUES (13, 'conflict management');
INSERT INTO job_match.skills (id, skill)
VALUES (14, 'time management');
INSERT INTO job_match.skills (id, skill)
VALUES (15, 'active listening');
INSERT INTO job_match.skills (id, skill)
VALUES (16, 'assertiveness');
INSERT INTO job_match.skills (id, skill)
VALUES (17, 'collaboration');
INSERT INTO job_match.skills (id, skill)
VALUES (18, 'confidence');
INSERT INTO job_match.skills (id, skill)
VALUES (19, 'multitasking');
INSERT INTO job_match.skills (id, skill)
VALUES (20, 'sense of humour');

INSERT INTO job_match.job_forms (id, name, salary_min, salary_max, description, location_id, is_remote) VALUES (1, 'IT Technician', 1700, 2600, 'Lorem ipsum dolor sit amet, consectetur adipiscing elit, sed do eiusmod tempor incididunt ut labore et dolore magna aliqua. Ut enim ad minim veniam, quis nostrud exercitation ullamco laboris nisi ut aliquip ex ea commodo consequat. Duis aute irure dolor in reprehenderit in voluptate velit esse cillum dolore eu fugiat nulla pariatur. Excepteur sint occaecat cupidatat non proident, sunt in culpa qui officia deserunt mollit anim id est laborum.', 1, 1);
INSERT INTO job_match.job_forms (id, name, salary_min, salary_max, description, location_id, is_remote) VALUES (2, 'Support Specialists', 2100, 2900, 'Lorem ipsum dolor sit amet, consectetur adipiscing elit, sed do eiusmod tempor incididunt ut labore et dolore magna aliqua. Ut enim ad minim veniam, quis nostrud exercitation ullamco laboris nisi ut aliquip ex ea commodo consequat. Duis aute irure dolor in reprehenderit in voluptate velit esse cillum dolore eu fugiat nulla pariatur. Excepteur sint occaecat cupidatat non proident, sunt in culpa qui officia deserunt mollit anim id est laborum.', 2, 0);
INSERT INTO job_match.job_forms (id, name, salary_min, salary_max, description, location_id, is_remote) VALUES (3, 'Quality Assurance Tester', 1800, 2500, 'Lorem ipsum dolor sit amet, consectetur adipiscing elit, sed do eiusmod tempor incididunt ut labore et dolore magna aliqua. Ut enim ad minim veniam, quis nostrud exercitation ullamco laboris nisi ut aliquip ex ea commodo consequat. Duis aute irure dolor in reprehenderit in voluptate velit esse cillum dolore eu fugiat nulla pariatur. Excepteur sint occaecat cupidatat non proident, sunt in culpa qui officia deserunt mollit anim id est laborum.', 3, 1);
INSERT INTO job_match.job_forms (id, name, salary_min, salary_max, description, location_id, is_remote) VALUES (4, 'Web Developer', 2000, 2600, 'Lorem ipsum dolor sit amet, consectetur adipiscing elit, sed do eiusmod tempor incididunt ut labore et dolore magna aliqua. Ut enim ad minim veniam, quis nostrud exercitation ullamco laboris nisi ut aliquip ex ea commodo consequat. Duis aute irure dolor in reprehenderit in voluptate velit esse cillum dolore eu fugiat nulla pariatur. Excepteur sint occaecat cupidatat non proident, sunt in culpa qui officia deserunt mollit anim id est laborum.', 1, 0);
INSERT INTO job_match.job_forms (id, name, salary_min, salary_max, description, location_id, is_remote) VALUES (5, 'IT Security Specialist', 1900, 2400, 'Lorem ipsum dolor sit amet, consectetur adipiscing elit, sed do eiusmod tempor incididunt ut labore et dolore magna aliqua. Ut enim ad minim veniam, quis nostrud exercitation ullamco laboris nisi ut aliquip ex ea commodo consequat. Duis aute irure dolor in reprehenderit in voluptate velit esse cillum dolore eu fugiat nulla pariatur. Excepteur sint occaecat cupidatat non proident, sunt in culpa qui officia deserunt mollit anim id est laborum.', 2, 1);
INSERT INTO job_match.job_forms (id, name, salary_min, salary_max, description, location_id, is_remote) VALUES (6, 'Computer Programmer', 2200, 2800, 'Lorem ipsum dolor sit amet, consectetur adipiscing elit, sed do eiusmod tempor incididunt ut labore et dolore magna aliqua. Ut enim ad minim veniam, quis nostrud exercitation ullamco laboris nisi ut aliquip ex ea commodo consequat. Duis aute irure dolor in reprehenderit in voluptate velit esse cillum dolore eu fugiat nulla pariatur. Excepteur sint occaecat cupidatat non proident, sunt in culpa qui officia deserunt mollit anim id est laborum.', 10, 0);
INSERT INTO job_match.job_forms (id, name, salary_min, salary_max, description, location_id, is_remote) VALUES (7, 'Systems Analyst', 2300, 3000, 'Lorem ipsum dolor sit amet, consectetur adipiscing elit, sed do eiusmod tempor incididunt ut labore et dolore magna aliqua. Ut enim ad minim veniam, quis nostrud exercitation ullamco laboris nisi ut aliquip ex ea commodo consequat. Duis aute irure dolor in reprehenderit in voluptate velit esse cillum dolore eu fugiat nulla pariatur. Excepteur sint occaecat cupidatat non proident, sunt in culpa qui officia deserunt mollit anim id est laborum.', 12, 1);
INSERT INTO job_match.job_forms (id, name, salary_min, salary_max, description, location_id, is_remote) VALUES (8, 'Network Engineer', 2500, 3100, 'Lorem ipsum dolor sit amet, consectetur adipiscing elit, sed do eiusmod tempor incididunt ut labore et dolore magna aliqua. Ut enim ad minim veniam, quis nostrud exercitation ullamco laboris nisi ut aliquip ex ea commodo consequat. Duis aute irure dolor in reprehenderit in voluptate velit esse cillum dolore eu fugiat nulla pariatur. Excepteur sint occaecat cupidatat non proident, sunt in culpa qui officia deserunt mollit anim id est laborum.', 20, 0);
INSERT INTO job_match.job_forms (id, name, salary_min, salary_max, description, location_id, is_remote) VALUES (9, 'Software Engineer', 2600, 3400, 'Lorem ipsum dolor sit amet, consectetur adipiscing elit, sed do eiusmod tempor incididunt ut labore et dolore magna aliqua. Ut enim ad minim veniam, quis nostrud exercitation ullamco laboris nisi ut aliquip ex ea commodo consequat. Duis aute irure dolor in reprehenderit in voluptate velit esse cillum dolore eu fugiat nulla pariatur. Excepteur sint occaecat cupidatat non proident, sunt in culpa qui officia deserunt mollit anim id est laborum.', 18, 1);
INSERT INTO job_match.job_forms (id, name, salary_min, salary_max, description, location_id, is_remote) VALUES (10, 'UX Designer', 3000, 4000, 'Lorem ipsum dolor sit amet, consectetur adipiscing elit, sed do eiusmod tempor incididunt ut labore et dolore magna aliqua. Ut enim ad minim veniam, quis nostrud exercitation ullamco laboris nisi ut aliquip ex ea commodo consequat. Duis aute irure dolor in reprehenderit in voluptate velit esse cillum dolore eu fugiat nulla pariatur. Excepteur sint occaecat cupidatat non proident, sunt in culpa qui officia deserunt mollit anim id est laborum.', 15, 0);
INSERT INTO job_match.job_forms (id, name, salary_min, salary_max, description, location_id, is_remote) VALUES (11, 'Database Administrator', 2700, 3500, 'Lorem ipsum dolor sit amet, consectetur adipiscing elit, sed do eiusmod tempor incididunt ut labore et dolore magna aliqua. Ut enim ad minim veniam, quis nostrud exercitation ullamco laboris nisi ut aliquip ex ea commodo consequat. Duis aute irure dolor in reprehenderit in voluptate velit esse cillum dolore eu fugiat nulla pariatur. Excepteur sint occaecat cupidatat non proident, sunt in culpa qui officia deserunt mollit anim id est laborum.', 4, 1);
INSERT INTO job_match.job_forms (id, name, salary_min, salary_max, description, location_id, is_remote) VALUES (12, 'Data Scientist', 2800, 3600, 'Lorem ipsum dolor sit amet, consectetur adipiscing elit, sed do eiusmod tempor incididunt ut labore et dolore magna aliqua. Ut enim ad minim veniam, quis nostrud exercitation ullamco laboris nisi ut aliquip ex ea commodo consequat. Duis aute irure dolor in reprehenderit in voluptate velit esse cillum dolore eu fugiat nulla pariatur. Excepteur sint occaecat cupidatat non proident, sunt in culpa qui officia deserunt mollit anim id est laborum.', 1, 0);
INSERT INTO job_match.job_forms (id, name, salary_min, salary_max, description, location_id, is_remote) VALUES (13, 'IT Director', 2900, 3600, 'Lorem ipsum dolor sit amet, consectetur adipiscing elit, sed do eiusmod tempor incididunt ut labore et dolore magna aliqua. Ut enim ad minim veniam, quis nostrud exercitation ullamco laboris nisi ut aliquip ex ea commodo consequat. Duis aute irure dolor in reprehenderit in voluptate velit esse cillum dolore eu fugiat nulla pariatur. Excepteur sint occaecat cupidatat non proident, sunt in culpa qui officia deserunt mollit anim id est laborum.', 1, 1);
INSERT INTO job_match.job_forms (id, name, salary_min, salary_max, description, location_id, is_remote) VALUES (14, 'Help Desk Technician', 3100, 3800, 'Lorem ipsum dolor sit amet, consectetur adipiscing elit, sed do eiusmod tempor incididunt ut labore et dolore magna aliqua. Ut enim ad minim veniam, quis nostrud exercitation ullamco laboris nisi ut aliquip ex ea commodo consequat. Duis aute irure dolor in reprehenderit in voluptate velit esse cillum dolore eu fugiat nulla pariatur. Excepteur sint occaecat cupidatat non proident, sunt in culpa qui officia deserunt mollit anim id est laborum.', 3, 0);
INSERT INTO job_match.job_forms (id, name, salary_min, salary_max, description, location_id, is_remote) VALUES (15, 'IT Technician', 3200, 4000, 'Lorem ipsum dolor sit amet, consectetur adipiscing elit, sed do eiusmod tempor incididunt ut labore et dolore magna aliqua. Ut enim ad minim veniam, quis nostrud exercitation ullamco laboris nisi ut aliquip ex ea commodo consequat. Duis aute irure dolor in reprehenderit in voluptate velit esse cillum dolore eu fugiat nulla pariatur. Excepteur sint occaecat cupidatat non proident, sunt in culpa qui officia deserunt mollit anim id est laborum.', 6, 1);
INSERT INTO job_match.job_forms (id, name, salary_min, salary_max, description, location_id, is_remote) VALUES (16, 'Support Specialists', 3300, 4000, 'Lorem ipsum dolor sit amet, consectetur adipiscing elit, sed do eiusmod tempor incididunt ut labore et dolore magna aliqua. Ut enim ad minim veniam, quis nostrud exercitation ullamco laboris nisi ut aliquip ex ea commodo consequat. Duis aute irure dolor in reprehenderit in voluptate velit esse cillum dolore eu fugiat nulla pariatur. Excepteur sint occaecat cupidatat non proident, sunt in culpa qui officia deserunt mollit anim id est laborum.', 19, 0);
INSERT INTO job_match.job_forms (id, name, salary_min, salary_max, description, location_id, is_remote) VALUES (17, 'Quality Assurance Tester', 3400, 4100, 'Lorem ipsum dolor sit amet, consectetur adipiscing elit, sed do eiusmod tempor incididunt ut labore et dolore magna aliqua. Ut enim ad minim veniam, quis nostrud exercitation ullamco laboris nisi ut aliquip ex ea commodo consequat. Duis aute irure dolor in reprehenderit in voluptate velit esse cillum dolore eu fugiat nulla pariatur. Excepteur sint occaecat cupidatat non proident, sunt in culpa qui officia deserunt mollit anim id est laborum.', 18, 1);
INSERT INTO job_match.job_forms (id, name, salary_min, salary_max, description, location_id, is_remote) VALUES (18, 'Web Developer', 3500, 4200, 'Lorem ipsum dolor sit amet, consectetur adipiscing elit, sed do eiusmod tempor incididunt ut labore et dolore magna aliqua. Ut enim ad minim veniam, quis nostrud exercitation ullamco laboris nisi ut aliquip ex ea commodo consequat. Duis aute irure dolor in reprehenderit in voluptate velit esse cillum dolore eu fugiat nulla pariatur. Excepteur sint occaecat cupidatat non proident, sunt in culpa qui officia deserunt mollit anim id est laborum.', 17, 0);
INSERT INTO job_match.job_forms (id, name, salary_min, salary_max, description, location_id, is_remote) VALUES (19, 'IT Security Specialist', 3600, 4300, 'Lorem ipsum dolor sit amet, consectetur adipiscing elit, sed do eiusmod tempor incididunt ut labore et dolore magna aliqua. Ut enim ad minim veniam, quis nostrud exercitation ullamco laboris nisi ut aliquip ex ea commodo consequat. Duis aute irure dolor in reprehenderit in voluptate velit esse cillum dolore eu fugiat nulla pariatur. Excepteur sint occaecat cupidatat non proident, sunt in culpa qui officia deserunt mollit anim id est laborum.', 14, 1);
INSERT INTO job_match.job_forms (id, name, salary_min, salary_max, description, location_id, is_remote) VALUES (20, 'Computer Programmer', 3700, 4500, 'Lorem ipsum dolor sit amet, consectetur adipiscing elit, sed do eiusmod tempor incididunt ut labore et dolore magna aliqua. Ut enim ad minim veniam, quis nostrud exercitation ullamco laboris nisi ut aliquip ex ea commodo consequat. Duis aute irure dolor in reprehenderit in voluptate velit esse cillum dolore eu fugiat nulla pariatur. Excepteur sint occaecat cupidatat non proident, sunt in culpa qui officia deserunt mollit anim id est laborum.', 2, 0);
INSERT INTO job_match.job_forms (id, name, salary_min, salary_max, description, location_id, is_remote) VALUES (21, 'Systems Analyst', 1700, 2600, 'Lorem ipsum dolor sit amet, consectetur adipiscing elit, sed do eiusmod tempor incididunt ut labore et dolore magna aliqua. Ut enim ad minim veniam, quis nostrud exercitation ullamco laboris nisi ut aliquip ex ea commodo consequat. Duis aute irure dolor in reprehenderit in voluptate velit esse cillum dolore eu fugiat nulla pariatur. Excepteur sint occaecat cupidatat non proident, sunt in culpa qui officia deserunt mollit anim id est laborum.', 5, 1);
INSERT INTO job_match.job_forms (id, name, salary_min, salary_max, description, location_id, is_remote) VALUES (22, 'Network Engineer', 2100, 2900, 'Lorem ipsum dolor sit amet, consectetur adipiscing elit, sed do eiusmod tempor incididunt ut labore et dolore magna aliqua. Ut enim ad minim veniam, quis nostrud exercitation ullamco laboris nisi ut aliquip ex ea commodo consequat. Duis aute irure dolor in reprehenderit in voluptate velit esse cillum dolore eu fugiat nulla pariatur. Excepteur sint occaecat cupidatat non proident, sunt in culpa qui officia deserunt mollit anim id est laborum.', 8, 0);
INSERT INTO job_match.job_forms (id, name, salary_min, salary_max, description, location_id, is_remote) VALUES (23, 'Software Engineer', 1800, 2500, 'Lorem ipsum dolor sit amet, consectetur adipiscing elit, sed do eiusmod tempor incididunt ut labore et dolore magna aliqua. Ut enim ad minim veniam, quis nostrud exercitation ullamco laboris nisi ut aliquip ex ea commodo consequat. Duis aute irure dolor in reprehenderit in voluptate velit esse cillum dolore eu fugiat nulla pariatur. Excepteur sint occaecat cupidatat non proident, sunt in culpa qui officia deserunt mollit anim id est laborum.', 6, 1);
INSERT INTO job_match.job_forms (id, name, salary_min, salary_max, description, location_id, is_remote) VALUES (24, 'UX Designer', 2000, 2600, 'Lorem ipsum dolor sit amet, consectetur adipiscing elit, sed do eiusmod tempor incididunt ut labore et dolore magna aliqua. Ut enim ad minim veniam, quis nostrud exercitation ullamco laboris nisi ut aliquip ex ea commodo consequat. Duis aute irure dolor in reprehenderit in voluptate velit esse cillum dolore eu fugiat nulla pariatur. Excepteur sint occaecat cupidatat non proident, sunt in culpa qui officia deserunt mollit anim id est laborum.', 3, 0);
INSERT INTO job_match.job_forms (id, name, salary_min, salary_max, description, location_id, is_remote) VALUES (25, 'Database Administrator', 1900, 2400, 'Lorem ipsum dolor sit amet, consectetur adipiscing elit, sed do eiusmod tempor incididunt ut labore et dolore magna aliqua. Ut enim ad minim veniam, quis nostrud exercitation ullamco laboris nisi ut aliquip ex ea commodo consequat. Duis aute irure dolor in reprehenderit in voluptate velit esse cillum dolore eu fugiat nulla pariatur. Excepteur sint occaecat cupidatat non proident, sunt in culpa qui officia deserunt mollit anim id est laborum.', 1, 1);
INSERT INTO job_match.job_forms (id, name, salary_min, salary_max, description, location_id, is_remote) VALUES (26, 'Data Scientist', 2200, 2800, 'Lorem ipsum dolor sit amet, consectetur adipiscing elit, sed do eiusmod tempor incididunt ut labore et dolore magna aliqua. Ut enim ad minim veniam, quis nostrud exercitation ullamco laboris nisi ut aliquip ex ea commodo consequat. Duis aute irure dolor in reprehenderit in voluptate velit esse cillum dolore eu fugiat nulla pariatur. Excepteur sint occaecat cupidatat non proident, sunt in culpa qui officia deserunt mollit anim id est laborum.', 4, 0);
INSERT INTO job_match.job_forms (id, name, salary_min, salary_max, description, location_id, is_remote) VALUES (27, 'IT Director', 2300, 3000, 'Lorem ipsum dolor sit amet, consectetur adipiscing elit, sed do eiusmod tempor incididunt ut labore et dolore magna aliqua. Ut enim ad minim veniam, quis nostrud exercitation ullamco laboris nisi ut aliquip ex ea commodo consequat. Duis aute irure dolor in reprehenderit in voluptate velit esse cillum dolore eu fugiat nulla pariatur. Excepteur sint occaecat cupidatat non proident, sunt in culpa qui officia deserunt mollit anim id est laborum.', 17, 1);
INSERT INTO job_match.job_forms (id, name, salary_min, salary_max, description, location_id, is_remote) VALUES (28, 'Help Desk Technician', 2500, 3100, 'Lorem ipsum dolor sit amet, consectetur adipiscing elit, sed do eiusmod tempor incididunt ut labore et dolore magna aliqua. Ut enim ad minim veniam, quis nostrud exercitation ullamco laboris nisi ut aliquip ex ea commodo consequat. Duis aute irure dolor in reprehenderit in voluptate velit esse cillum dolore eu fugiat nulla pariatur. Excepteur sint occaecat cupidatat non proident, sunt in culpa qui officia deserunt mollit anim id est laborum.', 4, 0);
INSERT INTO job_match.job_forms (id, name, salary_min, salary_max, description, location_id, is_remote) VALUES (29, 'IT Technician', 2600, 3400, 'Lorem ipsum dolor sit amet, consectetur adipiscing elit, sed do eiusmod tempor incididunt ut labore et dolore magna aliqua. Ut enim ad minim veniam, quis nostrud exercitation ullamco laboris nisi ut aliquip ex ea commodo consequat. Duis aute irure dolor in reprehenderit in voluptate velit esse cillum dolore eu fugiat nulla pariatur. Excepteur sint occaecat cupidatat non proident, sunt in culpa qui officia deserunt mollit anim id est laborum.', 15, 1);
INSERT INTO job_match.job_forms (id, name, salary_min, salary_max, description, location_id, is_remote) VALUES (30, 'Support Specialists', 3000, 4000, 'Lorem ipsum dolor sit amet, consectetur adipiscing elit, sed do eiusmod tempor incididunt ut labore et dolore magna aliqua. Ut enim ad minim veniam, quis nostrud exercitation ullamco laboris nisi ut aliquip ex ea commodo consequat. Duis aute irure dolor in reprehenderit in voluptate velit esse cillum dolore eu fugiat nulla pariatur. Excepteur sint occaecat cupidatat non proident, sunt in culpa qui officia deserunt mollit anim id est laborum.', 18, 0);
INSERT INTO job_match.job_forms (id, name, salary_min, salary_max, description, location_id, is_remote) VALUES (31, 'Quality Assurance Tester', 2700, 3500, 'Lorem ipsum dolor sit amet, consectetur adipiscing elit, sed do eiusmod tempor incididunt ut labore et dolore magna aliqua. Ut enim ad minim veniam, quis nostrud exercitation ullamco laboris nisi ut aliquip ex ea commodo consequat. Duis aute irure dolor in reprehenderit in voluptate velit esse cillum dolore eu fugiat nulla pariatur. Excepteur sint occaecat cupidatat non proident, sunt in culpa qui officia deserunt mollit anim id est laborum.', 20, 1);
INSERT INTO job_match.job_forms (id, name, salary_min, salary_max, description, location_id, is_remote) VALUES (32, 'Web Developer', 2800, 3600, 'Lorem ipsum dolor sit amet, consectetur adipiscing elit, sed do eiusmod tempor incididunt ut labore et dolore magna aliqua. Ut enim ad minim veniam, quis nostrud exercitation ullamco laboris nisi ut aliquip ex ea commodo consequat. Duis aute irure dolor in reprehenderit in voluptate velit esse cillum dolore eu fugiat nulla pariatur. Excepteur sint occaecat cupidatat non proident, sunt in culpa qui officia deserunt mollit anim id est laborum.', 1, 0);
INSERT INTO job_match.job_forms (id, name, salary_min, salary_max, description, location_id, is_remote) VALUES (33, 'IT Security Specialist', 2900, 3600, 'Lorem ipsum dolor sit amet, consectetur adipiscing elit, sed do eiusmod tempor incididunt ut labore et dolore magna aliqua. Ut enim ad minim veniam, quis nostrud exercitation ullamco laboris nisi ut aliquip ex ea commodo consequat. Duis aute irure dolor in reprehenderit in voluptate velit esse cillum dolore eu fugiat nulla pariatur. Excepteur sint occaecat cupidatat non proident, sunt in culpa qui officia deserunt mollit anim id est laborum.', 5, 1);
INSERT INTO job_match.job_forms (id, name, salary_min, salary_max, description, location_id, is_remote) VALUES (34, 'Computer Programmer', 3100, 3800, 'Lorem ipsum dolor sit amet, consectetur adipiscing elit, sed do eiusmod tempor incididunt ut labore et dolore magna aliqua. Ut enim ad minim veniam, quis nostrud exercitation ullamco laboris nisi ut aliquip ex ea commodo consequat. Duis aute irure dolor in reprehenderit in voluptate velit esse cillum dolore eu fugiat nulla pariatur. Excepteur sint occaecat cupidatat non proident, sunt in culpa qui officia deserunt mollit anim id est laborum.', 4, 0);
INSERT INTO job_match.job_forms (id, name, salary_min, salary_max, description, location_id, is_remote) VALUES (35, 'Systems Analyst', 3200, 4000, 'Lorem ipsum dolor sit amet, consectetur adipiscing elit, sed do eiusmod tempor incididunt ut labore et dolore magna aliqua. Ut enim ad minim veniam, quis nostrud exercitation ullamco laboris nisi ut aliquip ex ea commodo consequat. Duis aute irure dolor in reprehenderit in voluptate velit esse cillum dolore eu fugiat nulla pariatur. Excepteur sint occaecat cupidatat non proident, sunt in culpa qui officia deserunt mollit anim id est laborum.', 12, 1);
INSERT INTO job_match.job_forms (id, name, salary_min, salary_max, description, location_id, is_remote) VALUES (36, 'Network Engineer', 3300, 4000, 'Lorem ipsum dolor sit amet, consectetur adipiscing elit, sed do eiusmod tempor incididunt ut labore et dolore magna aliqua. Ut enim ad minim veniam, quis nostrud exercitation ullamco laboris nisi ut aliquip ex ea commodo consequat. Duis aute irure dolor in reprehenderit in voluptate velit esse cillum dolore eu fugiat nulla pariatur. Excepteur sint occaecat cupidatat non proident, sunt in culpa qui officia deserunt mollit anim id est laborum.', 14, 0);
INSERT INTO job_match.job_forms (id, name, salary_min, salary_max, description, location_id, is_remote) VALUES (37, 'Software Engineer', 3400, 4100, 'Lorem ipsum dolor sit amet, consectetur adipiscing elit, sed do eiusmod tempor incididunt ut labore et dolore magna aliqua. Ut enim ad minim veniam, quis nostrud exercitation ullamco laboris nisi ut aliquip ex ea commodo consequat. Duis aute irure dolor in reprehenderit in voluptate velit esse cillum dolore eu fugiat nulla pariatur. Excepteur sint occaecat cupidatat non proident, sunt in culpa qui officia deserunt mollit anim id est laborum.', 1, 1);
INSERT INTO job_match.job_forms (id, name, salary_min, salary_max, description, location_id, is_remote) VALUES (38, 'UX Designer', 3500, 4200, 'Lorem ipsum dolor sit amet, consectetur adipiscing elit, sed do eiusmod tempor incididunt ut labore et dolore magna aliqua. Ut enim ad minim veniam, quis nostrud exercitation ullamco laboris nisi ut aliquip ex ea commodo consequat. Duis aute irure dolor in reprehenderit in voluptate velit esse cillum dolore eu fugiat nulla pariatur. Excepteur sint occaecat cupidatat non proident, sunt in culpa qui officia deserunt mollit anim id est laborum.', 2, 0);
INSERT INTO job_match.job_forms (id, name, salary_min, salary_max, description, location_id, is_remote) VALUES (39, 'Database Administrator', 3600, 4300, 'Lorem ipsum dolor sit amet, consectetur adipiscing elit, sed do eiusmod tempor incididunt ut labore et dolore magna aliqua. Ut enim ad minim veniam, quis nostrud exercitation ullamco laboris nisi ut aliquip ex ea commodo consequat. Duis aute irure dolor in reprehenderit in voluptate velit esse cillum dolore eu fugiat nulla pariatur. Excepteur sint occaecat cupidatat non proident, sunt in culpa qui officia deserunt mollit anim id est laborum.', 2, 1);
INSERT INTO job_match.job_forms (id, name, salary_min, salary_max, description, location_id, is_remote) VALUES (40, 'Data Scientist', 3700, 4500, 'Lorem ipsum dolor sit amet, consectetur adipiscing elit, sed do eiusmod tempor incididunt ut labore et dolore magna aliqua. Ut enim ad minim veniam, quis nostrud exercitation ullamco laboris nisi ut aliquip ex ea commodo consequat. Duis aute irure dolor in reprehenderit in voluptate velit esse cillum dolore eu fugiat nulla pariatur. Excepteur sint occaecat cupidatat non proident, sunt in culpa qui officia deserunt mollit anim id est laborum.', 5, 0);
INSERT INTO job_match.job_forms (id, name, salary_min, salary_max, description, location_id, is_remote) VALUES (41, 'IT Director', 1700, 2600, 'Lorem ipsum dolor sit amet, consectetur adipiscing elit, sed do eiusmod tempor incididunt ut labore et dolore magna aliqua. Ut enim ad minim veniam, quis nostrud exercitation ullamco laboris nisi ut aliquip ex ea commodo consequat. Duis aute irure dolor in reprehenderit in voluptate velit esse cillum dolore eu fugiat nulla pariatur. Excepteur sint occaecat cupidatat non proident, sunt in culpa qui officia deserunt mollit anim id est laborum.', 6, 1);
INSERT INTO job_match.job_forms (id, name, salary_min, salary_max, description, location_id, is_remote) VALUES (42, 'Help Desk Technician', 2100, 2900, 'Lorem ipsum dolor sit amet, consectetur adipiscing elit, sed do eiusmod tempor incididunt ut labore et dolore magna aliqua. Ut enim ad minim veniam, quis nostrud exercitation ullamco laboris nisi ut aliquip ex ea commodo consequat. Duis aute irure dolor in reprehenderit in voluptate velit esse cillum dolore eu fugiat nulla pariatur. Excepteur sint occaecat cupidatat non proident, sunt in culpa qui officia deserunt mollit anim id est laborum.', 16, 0);
INSERT INTO job_match.job_forms (id, name, salary_min, salary_max, description, location_id, is_remote) VALUES (43, 'IT Technician', 1800, 2500, 'Lorem ipsum dolor sit amet, consectetur adipiscing elit, sed do eiusmod tempor incididunt ut labore et dolore magna aliqua. Ut enim ad minim veniam, quis nostrud exercitation ullamco laboris nisi ut aliquip ex ea commodo consequat. Duis aute irure dolor in reprehenderit in voluptate velit esse cillum dolore eu fugiat nulla pariatur. Excepteur sint occaecat cupidatat non proident, sunt in culpa qui officia deserunt mollit anim id est laborum.', 19, 1);
INSERT INTO job_match.job_forms (id, name, salary_min, salary_max, description, location_id, is_remote) VALUES (44, 'Support Specialists', 2000, 2600, 'Lorem ipsum dolor sit amet, consectetur adipiscing elit, sed do eiusmod tempor incididunt ut labore et dolore magna aliqua. Ut enim ad minim veniam, quis nostrud exercitation ullamco laboris nisi ut aliquip ex ea commodo consequat. Duis aute irure dolor in reprehenderit in voluptate velit esse cillum dolore eu fugiat nulla pariatur. Excepteur sint occaecat cupidatat non proident, sunt in culpa qui officia deserunt mollit anim id est laborum.', 18, 0);
INSERT INTO job_match.job_forms (id, name, salary_min, salary_max, description, location_id, is_remote) VALUES (45, 'Quality Assurance Tester', 1900, 2400, 'Lorem ipsum dolor sit amet, consectetur adipiscing elit, sed do eiusmod tempor incididunt ut labore et dolore magna aliqua. Ut enim ad minim veniam, quis nostrud exercitation ullamco laboris nisi ut aliquip ex ea commodo consequat. Duis aute irure dolor in reprehenderit in voluptate velit esse cillum dolore eu fugiat nulla pariatur. Excepteur sint occaecat cupidatat non proident, sunt in culpa qui officia deserunt mollit anim id est laborum.', 6, 1);
INSERT INTO job_match.job_forms (id, name, salary_min, salary_max, description, location_id, is_remote) VALUES (46, 'Web Developer', 2200, 2800, 'Lorem ipsum dolor sit amet, consectetur adipiscing elit, sed do eiusmod tempor incididunt ut labore et dolore magna aliqua. Ut enim ad minim veniam, quis nostrud exercitation ullamco laboris nisi ut aliquip ex ea commodo consequat. Duis aute irure dolor in reprehenderit in voluptate velit esse cillum dolore eu fugiat nulla pariatur. Excepteur sint occaecat cupidatat non proident, sunt in culpa qui officia deserunt mollit anim id est laborum.', 1, 0);
INSERT INTO job_match.job_forms (id, name, salary_min, salary_max, description, location_id, is_remote) VALUES (47, 'IT Security Specialist', 2300, 3000, 'Lorem ipsum dolor sit amet, consectetur adipiscing elit, sed do eiusmod tempor incididunt ut labore et dolore magna aliqua. Ut enim ad minim veniam, quis nostrud exercitation ullamco laboris nisi ut aliquip ex ea commodo consequat. Duis aute irure dolor in reprehenderit in voluptate velit esse cillum dolore eu fugiat nulla pariatur. Excepteur sint occaecat cupidatat non proident, sunt in culpa qui officia deserunt mollit anim id est laborum.', 2, 1);
INSERT INTO job_match.job_forms (id, name, salary_min, salary_max, description, location_id, is_remote) VALUES (48, 'Computer Programmer', 2500, 3100, 'Lorem ipsum dolor sit amet, consectetur adipiscing elit, sed do eiusmod tempor incididunt ut labore et dolore magna aliqua. Ut enim ad minim veniam, quis nostrud exercitation ullamco laboris nisi ut aliquip ex ea commodo consequat. Duis aute irure dolor in reprehenderit in voluptate velit esse cillum dolore eu fugiat nulla pariatur. Excepteur sint occaecat cupidatat non proident, sunt in culpa qui officia deserunt mollit anim id est laborum.', 7, 0);
INSERT INTO job_match.job_forms (id, name, salary_min, salary_max, description, location_id, is_remote) VALUES (49, 'Systems Analyst', 2600, 3400, 'Lorem ipsum dolor sit amet, consectetur adipiscing elit, sed do eiusmod tempor incididunt ut labore et dolore magna aliqua. Ut enim ad minim veniam, quis nostrud exercitation ullamco laboris nisi ut aliquip ex ea commodo consequat. Duis aute irure dolor in reprehenderit in voluptate velit esse cillum dolore eu fugiat nulla pariatur. Excepteur sint occaecat cupidatat non proident, sunt in culpa qui officia deserunt mollit anim id est laborum.', 3, 1);
INSERT INTO job_match.job_forms (id, name, salary_min, salary_max, description, location_id, is_remote) VALUES (50, 'Network Engineer', 3000, 4000, 'Lorem ipsum dolor sit amet, consectetur adipiscing elit, sed do eiusmod tempor incididunt ut labore et dolore magna aliqua. Ut enim ad minim veniam, quis nostrud exercitation ullamco laboris nisi ut aliquip ex ea commodo consequat. Duis aute irure dolor in reprehenderit in voluptate velit esse cillum dolore eu fugiat nulla pariatur. Excepteur sint occaecat cupidatat non proident, sunt in culpa qui officia deserunt mollit anim id est laborum.', 2, 0);
INSERT INTO job_match.job_forms (id, name, salary_min, salary_max, description, location_id, is_remote) VALUES (51, 'Software Engineer', 2700, 3500, 'Lorem ipsum dolor sit amet, consectetur adipiscing elit, sed do eiusmod tempor incididunt ut labore et dolore magna aliqua. Ut enim ad minim veniam, quis nostrud exercitation ullamco laboris nisi ut aliquip ex ea commodo consequat. Duis aute irure dolor in reprehenderit in voluptate velit esse cillum dolore eu fugiat nulla pariatur. Excepteur sint occaecat cupidatat non proident, sunt in culpa qui officia deserunt mollit anim id est laborum.', 4, 1);
INSERT INTO job_match.job_forms (id, name, salary_min, salary_max, description, location_id, is_remote) VALUES (52, 'UX Designer', 2800, 3600, 'Lorem ipsum dolor sit amet, consectetur adipiscing elit, sed do eiusmod tempor incididunt ut labore et dolore magna aliqua. Ut enim ad minim veniam, quis nostrud exercitation ullamco laboris nisi ut aliquip ex ea commodo consequat. Duis aute irure dolor in reprehenderit in voluptate velit esse cillum dolore eu fugiat nulla pariatur. Excepteur sint occaecat cupidatat non proident, sunt in culpa qui officia deserunt mollit anim id est laborum.', 1, 0);
INSERT INTO job_match.job_forms (id, name, salary_min, salary_max, description, location_id, is_remote) VALUES (53, 'Database Administrator', 2900, 3600, 'Lorem ipsum dolor sit amet, consectetur adipiscing elit, sed do eiusmod tempor incididunt ut labore et dolore magna aliqua. Ut enim ad minim veniam, quis nostrud exercitation ullamco laboris nisi ut aliquip ex ea commodo consequat. Duis aute irure dolor in reprehenderit in voluptate velit esse cillum dolore eu fugiat nulla pariatur. Excepteur sint occaecat cupidatat non proident, sunt in culpa qui officia deserunt mollit anim id est laborum.', 9, 1);
INSERT INTO job_match.job_forms (id, name, salary_min, salary_max, description, location_id, is_remote) VALUES (54, 'Data Scientist', 3100, 3800, 'Lorem ipsum dolor sit amet, consectetur adipiscing elit, sed do eiusmod tempor incididunt ut labore et dolore magna aliqua. Ut enim ad minim veniam, quis nostrud exercitation ullamco laboris nisi ut aliquip ex ea commodo consequat. Duis aute irure dolor in reprehenderit in voluptate velit esse cillum dolore eu fugiat nulla pariatur. Excepteur sint occaecat cupidatat non proident, sunt in culpa qui officia deserunt mollit anim id est laborum.', 10, 0);
INSERT INTO job_match.job_forms (id, name, salary_min, salary_max, description, location_id, is_remote) VALUES (55, 'IT Director', 3200, 4000, 'Lorem ipsum dolor sit amet, consectetur adipiscing elit, sed do eiusmod tempor incididunt ut labore et dolore magna aliqua. Ut enim ad minim veniam, quis nostrud exercitation ullamco laboris nisi ut aliquip ex ea commodo consequat. Duis aute irure dolor in reprehenderit in voluptate velit esse cillum dolore eu fugiat nulla pariatur. Excepteur sint occaecat cupidatat non proident, sunt in culpa qui officia deserunt mollit anim id est laborum.', 11, 1);
INSERT INTO job_match.job_forms (id, name, salary_min, salary_max, description, location_id, is_remote) VALUES (56, 'Help Desk Technician', 3300, 4000, 'Lorem ipsum dolor sit amet, consectetur adipiscing elit, sed do eiusmod tempor incididunt ut labore et dolore magna aliqua. Ut enim ad minim veniam, quis nostrud exercitation ullamco laboris nisi ut aliquip ex ea commodo consequat. Duis aute irure dolor in reprehenderit in voluptate velit esse cillum dolore eu fugiat nulla pariatur. Excepteur sint occaecat cupidatat non proident, sunt in culpa qui officia deserunt mollit anim id est laborum.', 12, 0);
INSERT INTO job_match.job_forms (id, name, salary_min, salary_max, description, location_id, is_remote) VALUES (57, 'IT Technician', 3400, 4100, 'Lorem ipsum dolor sit amet, consectetur adipiscing elit, sed do eiusmod tempor incididunt ut labore et dolore magna aliqua. Ut enim ad minim veniam, quis nostrud exercitation ullamco laboris nisi ut aliquip ex ea commodo consequat. Duis aute irure dolor in reprehenderit in voluptate velit esse cillum dolore eu fugiat nulla pariatur. Excepteur sint occaecat cupidatat non proident, sunt in culpa qui officia deserunt mollit anim id est laborum.', 13, 1);
INSERT INTO job_match.job_forms (id, name, salary_min, salary_max, description, location_id, is_remote) VALUES (58, 'Support Specialists', 3500, 4200, 'Lorem ipsum dolor sit amet, consectetur adipiscing elit, sed do eiusmod tempor incididunt ut labore et dolore magna aliqua. Ut enim ad minim veniam, quis nostrud exercitation ullamco laboris nisi ut aliquip ex ea commodo consequat. Duis aute irure dolor in reprehenderit in voluptate velit esse cillum dolore eu fugiat nulla pariatur. Excepteur sint occaecat cupidatat non proident, sunt in culpa qui officia deserunt mollit anim id est laborum.', 14, 0);
INSERT INTO job_match.job_forms (id, name, salary_min, salary_max, description, location_id, is_remote) VALUES (59, 'Quality Assurance Tester', 3600, 4300, 'Lorem ipsum dolor sit amet, consectetur adipiscing elit, sed do eiusmod tempor incididunt ut labore et dolore magna aliqua. Ut enim ad minim veniam, quis nostrud exercitation ullamco laboris nisi ut aliquip ex ea commodo consequat. Duis aute irure dolor in reprehenderit in voluptate velit esse cillum dolore eu fugiat nulla pariatur. Excepteur sint occaecat cupidatat non proident, sunt in culpa qui officia deserunt mollit anim id est laborum.', 15, 1);
INSERT INTO job_match.job_forms (id, name, salary_min, salary_max, description, location_id, is_remote) VALUES (60, 'Web Developer', 3700, 4500, 'Lorem ipsum dolor sit amet, consectetur adipiscing elit, sed do eiusmod tempor incididunt ut labore et dolore magna aliqua. Ut enim ad minim veniam, quis nostrud exercitation ullamco laboris nisi ut aliquip ex ea commodo consequat. Duis aute irure dolor in reprehenderit in voluptate velit esse cillum dolore eu fugiat nulla pariatur. Excepteur sint occaecat cupidatat non proident, sunt in culpa qui officia deserunt mollit anim id est laborum.', 16, 0);
INSERT INTO job_match.job_forms (id, name, salary_min, salary_max, description, location_id, is_remote) VALUES (61, 'IT Security Specialist', 1700, 2600, 'Lorem ipsum dolor sit amet, consectetur adipiscing elit, sed do eiusmod tempor incididunt ut labore et dolore magna aliqua. Ut enim ad minim veniam, quis nostrud exercitation ullamco laboris nisi ut aliquip ex ea commodo consequat. Duis aute irure dolor in reprehenderit in voluptate velit esse cillum dolore eu fugiat nulla pariatur. Excepteur sint occaecat cupidatat non proident, sunt in culpa qui officia deserunt mollit anim id est laborum.', 17, 1);
INSERT INTO job_match.job_forms (id, name, salary_min, salary_max, description, location_id, is_remote) VALUES (62, 'Computer Programmer', 2100, 2900, 'Lorem ipsum dolor sit amet, consectetur adipiscing elit, sed do eiusmod tempor incididunt ut labore et dolore magna aliqua. Ut enim ad minim veniam, quis nostrud exercitation ullamco laboris nisi ut aliquip ex ea commodo consequat. Duis aute irure dolor in reprehenderit in voluptate velit esse cillum dolore eu fugiat nulla pariatur. Excepteur sint occaecat cupidatat non proident, sunt in culpa qui officia deserunt mollit anim id est laborum.', 19, 0);
INSERT INTO job_match.job_forms (id, name, salary_min, salary_max, description, location_id, is_remote) VALUES (63, 'Systems Analyst', 1800, 2500, 'Lorem ipsum dolor sit amet, consectetur adipiscing elit, sed do eiusmod tempor incididunt ut labore et dolore magna aliqua. Ut enim ad minim veniam, quis nostrud exercitation ullamco laboris nisi ut aliquip ex ea commodo consequat. Duis aute irure dolor in reprehenderit in voluptate velit esse cillum dolore eu fugiat nulla pariatur. Excepteur sint occaecat cupidatat non proident, sunt in culpa qui officia deserunt mollit anim id est laborum.', 20, 1);
INSERT INTO job_match.job_forms (id, name, salary_min, salary_max, description, location_id, is_remote) VALUES (64, 'Network Engineer', 2000, 2600, 'Lorem ipsum dolor sit amet, consectetur adipiscing elit, sed do eiusmod tempor incididunt ut labore et dolore magna aliqua. Ut enim ad minim veniam, quis nostrud exercitation ullamco laboris nisi ut aliquip ex ea commodo consequat. Duis aute irure dolor in reprehenderit in voluptate velit esse cillum dolore eu fugiat nulla pariatur. Excepteur sint occaecat cupidatat non proident, sunt in culpa qui officia deserunt mollit anim id est laborum.', 1, 0);
INSERT INTO job_match.job_forms (id, name, salary_min, salary_max, description, location_id, is_remote) VALUES (65, 'Software Engineer', 1900, 2400, 'Lorem ipsum dolor sit amet, consectetur adipiscing elit, sed do eiusmod tempor incididunt ut labore et dolore magna aliqua. Ut enim ad minim veniam, quis nostrud exercitation ullamco laboris nisi ut aliquip ex ea commodo consequat. Duis aute irure dolor in reprehenderit in voluptate velit esse cillum dolore eu fugiat nulla pariatur. Excepteur sint occaecat cupidatat non proident, sunt in culpa qui officia deserunt mollit anim id est laborum.', 2, 1);
INSERT INTO job_match.job_forms (id, name, salary_min, salary_max, description, location_id, is_remote) VALUES (66, 'UX Designer', 2200, 2800, 'Lorem ipsum dolor sit amet, consectetur adipiscing elit, sed do eiusmod tempor incididunt ut labore et dolore magna aliqua. Ut enim ad minim veniam, quis nostrud exercitation ullamco laboris nisi ut aliquip ex ea commodo consequat. Duis aute irure dolor in reprehenderit in voluptate velit esse cillum dolore eu fugiat nulla pariatur. Excepteur sint occaecat cupidatat non proident, sunt in culpa qui officia deserunt mollit anim id est laborum.', 1, 0);
INSERT INTO job_match.job_forms (id, name, salary_min, salary_max, description, location_id, is_remote) VALUES (67, 'Database Administrator', 2300, 3000, 'Lorem ipsum dolor sit amet, consectetur adipiscing elit, sed do eiusmod tempor incididunt ut labore et dolore magna aliqua. Ut enim ad minim veniam, quis nostrud exercitation ullamco laboris nisi ut aliquip ex ea commodo consequat. Duis aute irure dolor in reprehenderit in voluptate velit esse cillum dolore eu fugiat nulla pariatur. Excepteur sint occaecat cupidatat non proident, sunt in culpa qui officia deserunt mollit anim id est laborum.', 18, 1);
INSERT INTO job_match.job_forms (id, name, salary_min, salary_max, description, location_id, is_remote) VALUES (68, 'Data Scientist', 2500, 3100, 'Lorem ipsum dolor sit amet, consectetur adipiscing elit, sed do eiusmod tempor incididunt ut labore et dolore magna aliqua. Ut enim ad minim veniam, quis nostrud exercitation ullamco laboris nisi ut aliquip ex ea commodo consequat. Duis aute irure dolor in reprehenderit in voluptate velit esse cillum dolore eu fugiat nulla pariatur. Excepteur sint occaecat cupidatat non proident, sunt in culpa qui officia deserunt mollit anim id est laborum.', 19, 0);
INSERT INTO job_match.job_forms (id, name, salary_min, salary_max, description, location_id, is_remote) VALUES (69, 'IT Director', 2600, 3400, 'Lorem ipsum dolor sit amet, consectetur adipiscing elit, sed do eiusmod tempor incididunt ut labore et dolore magna aliqua. Ut enim ad minim veniam, quis nostrud exercitation ullamco laboris nisi ut aliquip ex ea commodo consequat. Duis aute irure dolor in reprehenderit in voluptate velit esse cillum dolore eu fugiat nulla pariatur. Excepteur sint occaecat cupidatat non proident, sunt in culpa qui officia deserunt mollit anim id est laborum.', 1, 1);
INSERT INTO job_match.job_forms (id, name, salary_min, salary_max, description, location_id, is_remote) VALUES (70, 'Help Desk Technician', 3000, 4000, 'Lorem ipsum dolor sit amet, consectetur adipiscing elit, sed do eiusmod tempor incididunt ut labore et dolore magna aliqua. Ut enim ad minim veniam, quis nostrud exercitation ullamco laboris nisi ut aliquip ex ea commodo consequat. Duis aute irure dolor in reprehenderit in voluptate velit esse cillum dolore eu fugiat nulla pariatur. Excepteur sint occaecat cupidatat non proident, sunt in culpa qui officia deserunt mollit anim id est laborum.', 2, 0);
INSERT INTO job_match.job_forms (id, name, salary_min, salary_max, description, location_id, is_remote) VALUES (71, 'Help Desk Technician', 1700, 2600, 'Lorem ipsum dolor sit amet, consectetur adipiscing elit, sed do eiusmod tempor incididunt ut labore et dolore magna aliqua. Ut enim ad minim veniam, quis nostrud exercitation ullamco laboris nisi ut aliquip ex ea commodo consequat. Duis aute irure dolor in reprehenderit in voluptate velit esse cillum dolore eu fugiat nulla pariatur. Excepteur sint occaecat cupidatat non proident, sunt in culpa qui officia deserunt mollit anim id est laborum.', 1, 1);
INSERT INTO job_match.job_forms (id, name, salary_min, salary_max, description, location_id, is_remote) VALUES (72, 'IT Technician', 2100, 2900, 'Lorem ipsum dolor sit amet, consectetur adipiscing elit, sed do eiusmod tempor incididunt ut labore et dolore magna aliqua. Ut enim ad minim veniam, quis nostrud exercitation ullamco laboris nisi ut aliquip ex ea commodo consequat. Duis aute irure dolor in reprehenderit in voluptate velit esse cillum dolore eu fugiat nulla pariatur. Excepteur sint occaecat cupidatat non proident, sunt in culpa qui officia deserunt mollit anim id est laborum.', 2, 0);
INSERT INTO job_match.job_forms (id, name, salary_min, salary_max, description, location_id, is_remote) VALUES (73, 'Support Specialists', 1800, 2500, 'Lorem ipsum dolor sit amet, consectetur adipiscing elit, sed do eiusmod tempor incididunt ut labore et dolore magna aliqua. Ut enim ad minim veniam, quis nostrud exercitation ullamco laboris nisi ut aliquip ex ea commodo consequat. Duis aute irure dolor in reprehenderit in voluptate velit esse cillum dolore eu fugiat nulla pariatur. Excepteur sint occaecat cupidatat non proident, sunt in culpa qui officia deserunt mollit anim id est laborum.', 4, 1);
INSERT INTO job_match.job_forms (id, name, salary_min, salary_max, description, location_id, is_remote) VALUES (74, 'Quality Assurance Tester', 2000, 2600, 'Lorem ipsum dolor sit amet, consectetur adipiscing elit, sed do eiusmod tempor incididunt ut labore et dolore magna aliqua. Ut enim ad minim veniam, quis nostrud exercitation ullamco laboris nisi ut aliquip ex ea commodo consequat. Duis aute irure dolor in reprehenderit in voluptate velit esse cillum dolore eu fugiat nulla pariatur. Excepteur sint occaecat cupidatat non proident, sunt in culpa qui officia deserunt mollit anim id est laborum.', 17, 0);
INSERT INTO job_match.job_forms (id, name, salary_min, salary_max, description, location_id, is_remote) VALUES (75, 'Web Developer', 1900, 2400, 'Lorem ipsum dolor sit amet, consectetur adipiscing elit, sed do eiusmod tempor incididunt ut labore et dolore magna aliqua. Ut enim ad minim veniam, quis nostrud exercitation ullamco laboris nisi ut aliquip ex ea commodo consequat. Duis aute irure dolor in reprehenderit in voluptate velit esse cillum dolore eu fugiat nulla pariatur. Excepteur sint occaecat cupidatat non proident, sunt in culpa qui officia deserunt mollit anim id est laborum.', 18, 1);
INSERT INTO job_match.job_forms (id, name, salary_min, salary_max, description, location_id, is_remote) VALUES (76, 'IT Security Specialist', 2200, 2800, 'Lorem ipsum dolor sit amet, consectetur adipiscing elit, sed do eiusmod tempor incididunt ut labore et dolore magna aliqua. Ut enim ad minim veniam, quis nostrud exercitation ullamco laboris nisi ut aliquip ex ea commodo consequat. Duis aute irure dolor in reprehenderit in voluptate velit esse cillum dolore eu fugiat nulla pariatur. Excepteur sint occaecat cupidatat non proident, sunt in culpa qui officia deserunt mollit anim id est laborum.', 6, 0);
INSERT INTO job_match.job_forms (id, name, salary_min, salary_max, description, location_id, is_remote) VALUES (77, 'Computer Programmer', 2300, 3000, 'Lorem ipsum dolor sit amet, consectetur adipiscing elit, sed do eiusmod tempor incididunt ut labore et dolore magna aliqua. Ut enim ad minim veniam, quis nostrud exercitation ullamco laboris nisi ut aliquip ex ea commodo consequat. Duis aute irure dolor in reprehenderit in voluptate velit esse cillum dolore eu fugiat nulla pariatur. Excepteur sint occaecat cupidatat non proident, sunt in culpa qui officia deserunt mollit anim id est laborum.', 5, 1);
INSERT INTO job_match.job_forms (id, name, salary_min, salary_max, description, location_id, is_remote) VALUES (78, 'Systems Analyst', 2500, 3100, 'Lorem ipsum dolor sit amet, consectetur adipiscing elit, sed do eiusmod tempor incididunt ut labore et dolore magna aliqua. Ut enim ad minim veniam, quis nostrud exercitation ullamco laboris nisi ut aliquip ex ea commodo consequat. Duis aute irure dolor in reprehenderit in voluptate velit esse cillum dolore eu fugiat nulla pariatur. Excepteur sint occaecat cupidatat non proident, sunt in culpa qui officia deserunt mollit anim id est laborum.', 20, 0);
INSERT INTO job_match.job_forms (id, name, salary_min, salary_max, description, location_id, is_remote) VALUES (79, 'Network Engineer', 2600, 3400, 'Lorem ipsum dolor sit amet, consectetur adipiscing elit, sed do eiusmod tempor incididunt ut labore et dolore magna aliqua. Ut enim ad minim veniam, quis nostrud exercitation ullamco laboris nisi ut aliquip ex ea commodo consequat. Duis aute irure dolor in reprehenderit in voluptate velit esse cillum dolore eu fugiat nulla pariatur. Excepteur sint occaecat cupidatat non proident, sunt in culpa qui officia deserunt mollit anim id est laborum.', 20, 1);
INSERT INTO job_match.job_forms (id, name, salary_min, salary_max, description, location_id, is_remote) VALUES (80, 'Software Engineer', 3000, 4000, 'Lorem ipsum dolor sit amet, consectetur adipiscing elit, sed do eiusmod tempor incididunt ut labore et dolore magna aliqua. Ut enim ad minim veniam, quis nostrud exercitation ullamco laboris nisi ut aliquip ex ea commodo consequat. Duis aute irure dolor in reprehenderit in voluptate velit esse cillum dolore eu fugiat nulla pariatur. Excepteur sint occaecat cupidatat non proident, sunt in culpa qui officia deserunt mollit anim id est laborum.', 19, 0);
INSERT INTO job_match.job_forms (id, name, salary_min, salary_max, description, location_id, is_remote) VALUES (81, 'UX Designer', 2700, 3500, 'Lorem ipsum dolor sit amet, consectetur adipiscing elit, sed do eiusmod tempor incididunt ut labore et dolore magna aliqua. Ut enim ad minim veniam, quis nostrud exercitation ullamco laboris nisi ut aliquip ex ea commodo consequat. Duis aute irure dolor in reprehenderit in voluptate velit esse cillum dolore eu fugiat nulla pariatur. Excepteur sint occaecat cupidatat non proident, sunt in culpa qui officia deserunt mollit anim id est laborum.', 1, 1);
INSERT INTO job_match.job_forms (id, name, salary_min, salary_max, description, location_id, is_remote) VALUES (82, 'Database Administrator', 2800, 3600, 'Lorem ipsum dolor sit amet, consectetur adipiscing elit, sed do eiusmod tempor incididunt ut labore et dolore magna aliqua. Ut enim ad minim veniam, quis nostrud exercitation ullamco laboris nisi ut aliquip ex ea commodo consequat. Duis aute irure dolor in reprehenderit in voluptate velit esse cillum dolore eu fugiat nulla pariatur. Excepteur sint occaecat cupidatat non proident, sunt in culpa qui officia deserunt mollit anim id est laborum.', 19, 0);
INSERT INTO job_match.job_forms (id, name, salary_min, salary_max, description, location_id, is_remote) VALUES (83, 'Data Scientist', 2900, 3600, 'Lorem ipsum dolor sit amet, consectetur adipiscing elit, sed do eiusmod tempor incididunt ut labore et dolore magna aliqua. Ut enim ad minim veniam, quis nostrud exercitation ullamco laboris nisi ut aliquip ex ea commodo consequat. Duis aute irure dolor in reprehenderit in voluptate velit esse cillum dolore eu fugiat nulla pariatur. Excepteur sint occaecat cupidatat non proident, sunt in culpa qui officia deserunt mollit anim id est laborum.', 3, 1);
INSERT INTO job_match.job_forms (id, name, salary_min, salary_max, description, location_id, is_remote) VALUES (84, 'IT Director', 3100, 3800, 'Lorem ipsum dolor sit amet, consectetur adipiscing elit, sed do eiusmod tempor incididunt ut labore et dolore magna aliqua. Ut enim ad minim veniam, quis nostrud exercitation ullamco laboris nisi ut aliquip ex ea commodo consequat. Duis aute irure dolor in reprehenderit in voluptate velit esse cillum dolore eu fugiat nulla pariatur. Excepteur sint occaecat cupidatat non proident, sunt in culpa qui officia deserunt mollit anim id est laborum.', 1, 0);
INSERT INTO job_match.job_forms (id, name, salary_min, salary_max, description, location_id, is_remote) VALUES (85, 'Help Desk Technician', 3200, 4000, 'Lorem ipsum dolor sit amet, consectetur adipiscing elit, sed do eiusmod tempor incididunt ut labore et dolore magna aliqua. Ut enim ad minim veniam, quis nostrud exercitation ullamco laboris nisi ut aliquip ex ea commodo consequat. Duis aute irure dolor in reprehenderit in voluptate velit esse cillum dolore eu fugiat nulla pariatur. Excepteur sint occaecat cupidatat non proident, sunt in culpa qui officia deserunt mollit anim id est laborum.', 2, 1);
INSERT INTO job_match.job_forms (id, name, salary_min, salary_max, description, location_id, is_remote) VALUES (86, 'Help Desk Technician', 3000, 4000, 'Lorem ipsum dolor sit amet, consectetur adipiscing elit, sed do eiusmod tempor incididunt ut labore et dolore magna aliqua. Ut enim ad minim veniam, quis nostrud exercitation ullamco laboris nisi ut aliquip ex ea commodo consequat. Duis aute irure dolor in reprehenderit in voluptate velit esse cillum dolore eu fugiat nulla pariatur. Excepteur sint occaecat cupidatat non proident, sunt in culpa qui officia deserunt mollit anim id est laborum.', 1, 1);
INSERT INTO job_match.job_forms (id, name, salary_min, salary_max, description, location_id, is_remote) VALUES (87, 'Help Desk Technician', 1700, 2600, 'Lorem ipsum dolor sit amet, consectetur adipiscing elit, sed do eiusmod tempor incididunt ut labore et dolore magna aliqua. Ut enim ad minim veniam, quis nostrud exercitation ullamco laboris nisi ut aliquip ex ea commodo consequat. Duis aute irure dolor in reprehenderit in voluptate velit esse cillum dolore eu fugiat nulla pariatur. Excepteur sint occaecat cupidatat non proident, sunt in culpa qui officia deserunt mollit anim id est laborum.', 2, 0);
INSERT INTO job_match.job_forms (id, name, salary_min, salary_max, description, location_id, is_remote) VALUES (88, 'IT Technician', 2100, 2900, 'Lorem ipsum dolor sit amet, consectetur adipiscing elit, sed do eiusmod tempor incididunt ut labore et dolore magna aliqua. Ut enim ad minim veniam, quis nostrud exercitation ullamco laboris nisi ut aliquip ex ea commodo consequat. Duis aute irure dolor in reprehenderit in voluptate velit esse cillum dolore eu fugiat nulla pariatur. Excepteur sint occaecat cupidatat non proident, sunt in culpa qui officia deserunt mollit anim id est laborum.', 3, 1);
INSERT INTO job_match.job_forms (id, name, salary_min, salary_max, description, location_id, is_remote) VALUES (89, 'Support Specialists', 1800, 2500, 'Lorem ipsum dolor sit amet, consectetur adipiscing elit, sed do eiusmod tempor incididunt ut labore et dolore magna aliqua. Ut enim ad minim veniam, quis nostrud exercitation ullamco laboris nisi ut aliquip ex ea commodo consequat. Duis aute irure dolor in reprehenderit in voluptate velit esse cillum dolore eu fugiat nulla pariatur. Excepteur sint occaecat cupidatat non proident, sunt in culpa qui officia deserunt mollit anim id est laborum.', 18, 0);
INSERT INTO job_match.job_forms (id, name, salary_min, salary_max, description, location_id, is_remote) VALUES (90, 'Quality Assurance Tester', 2000, 2600, 'Lorem ipsum dolor sit amet, consectetur adipiscing elit, sed do eiusmod tempor incididunt ut labore et dolore magna aliqua. Ut enim ad minim veniam, quis nostrud exercitation ullamco laboris nisi ut aliquip ex ea commodo consequat. Duis aute irure dolor in reprehenderit in voluptate velit esse cillum dolore eu fugiat nulla pariatur. Excepteur sint occaecat cupidatat non proident, sunt in culpa qui officia deserunt mollit anim id est laborum.', 19, 1);
INSERT INTO job_match.job_forms (id, name, salary_min, salary_max, description, location_id, is_remote) VALUES (91, 'Web Developer', 1900, 2400, 'Lorem ipsum dolor sit amet, consectetur adipiscing elit, sed do eiusmod tempor incididunt ut labore et dolore magna aliqua. Ut enim ad minim veniam, quis nostrud exercitation ullamco laboris nisi ut aliquip ex ea commodo consequat. Duis aute irure dolor in reprehenderit in voluptate velit esse cillum dolore eu fugiat nulla pariatur. Excepteur sint occaecat cupidatat non proident, sunt in culpa qui officia deserunt mollit anim id est laborum.', 1, 0);
INSERT INTO job_match.job_forms (id, name, salary_min, salary_max, description, location_id, is_remote) VALUES (92, 'IT Security Specialist', 2200, 2800, 'Lorem ipsum dolor sit amet, consectetur adipiscing elit, sed do eiusmod tempor incididunt ut labore et dolore magna aliqua. Ut enim ad minim veniam, quis nostrud exercitation ullamco laboris nisi ut aliquip ex ea commodo consequat. Duis aute irure dolor in reprehenderit in voluptate velit esse cillum dolore eu fugiat nulla pariatur. Excepteur sint occaecat cupidatat non proident, sunt in culpa qui officia deserunt mollit anim id est laborum.', 2, 1);
INSERT INTO job_match.job_forms (id, name, salary_min, salary_max, description, location_id, is_remote) VALUES (93, 'Computer Programmer', 2300, 3000, 'Lorem ipsum dolor sit amet, consectetur adipiscing elit, sed do eiusmod tempor incididunt ut labore et dolore magna aliqua. Ut enim ad minim veniam, quis nostrud exercitation ullamco laboris nisi ut aliquip ex ea commodo consequat. Duis aute irure dolor in reprehenderit in voluptate velit esse cillum dolore eu fugiat nulla pariatur. Excepteur sint occaecat cupidatat non proident, sunt in culpa qui officia deserunt mollit anim id est laborum.', 3, 0);
INSERT INTO job_match.job_forms (id, name, salary_min, salary_max, description, location_id, is_remote) VALUES (94, 'Systems Analyst', 2500, 3100, 'Lorem ipsum dolor sit amet, consectetur adipiscing elit, sed do eiusmod tempor incididunt ut labore et dolore magna aliqua. Ut enim ad minim veniam, quis nostrud exercitation ullamco laboris nisi ut aliquip ex ea commodo consequat. Duis aute irure dolor in reprehenderit in voluptate velit esse cillum dolore eu fugiat nulla pariatur. Excepteur sint occaecat cupidatat non proident, sunt in culpa qui officia deserunt mollit anim id est laborum.', 18, 1);
INSERT INTO job_match.job_forms (id, name, salary_min, salary_max, description, location_id, is_remote) VALUES (95, 'Network Engineer', 2600, 3400, 'Lorem ipsum dolor sit amet, consectetur adipiscing elit, sed do eiusmod tempor incididunt ut labore et dolore magna aliqua. Ut enim ad minim veniam, quis nostrud exercitation ullamco laboris nisi ut aliquip ex ea commodo consequat. Duis aute irure dolor in reprehenderit in voluptate velit esse cillum dolore eu fugiat nulla pariatur. Excepteur sint occaecat cupidatat non proident, sunt in culpa qui officia deserunt mollit anim id est laborum.', 19, 0);
INSERT INTO job_match.job_forms (id, name, salary_min, salary_max, description, location_id, is_remote) VALUES (96, 'Software Engineer', 3000, 4000, 'Lorem ipsum dolor sit amet, consectetur adipiscing elit, sed do eiusmod tempor incididunt ut labore et dolore magna aliqua. Ut enim ad minim veniam, quis nostrud exercitation ullamco laboris nisi ut aliquip ex ea commodo consequat. Duis aute irure dolor in reprehenderit in voluptate velit esse cillum dolore eu fugiat nulla pariatur. Excepteur sint occaecat cupidatat non proident, sunt in culpa qui officia deserunt mollit anim id est laborum.', 1, 1);
INSERT INTO job_match.job_forms (id, name, salary_min, salary_max, description, location_id, is_remote) VALUES (97, 'UX Designer', 2700, 3500, 'Lorem ipsum dolor sit amet, consectetur adipiscing elit, sed do eiusmod tempor incididunt ut labore et dolore magna aliqua. Ut enim ad minim veniam, quis nostrud exercitation ullamco laboris nisi ut aliquip ex ea commodo consequat. Duis aute irure dolor in reprehenderit in voluptate velit esse cillum dolore eu fugiat nulla pariatur. Excepteur sint occaecat cupidatat non proident, sunt in culpa qui officia deserunt mollit anim id est laborum.', 2, 0);
INSERT INTO job_match.job_forms (id, name, salary_min, salary_max, description, location_id, is_remote) VALUES (98, 'Database Administrator', 2800, 3600, 'Lorem ipsum dolor sit amet, consectetur adipiscing elit, sed do eiusmod tempor incididunt ut labore et dolore magna aliqua. Ut enim ad minim veniam, quis nostrud exercitation ullamco laboris nisi ut aliquip ex ea commodo consequat. Duis aute irure dolor in reprehenderit in voluptate velit esse cillum dolore eu fugiat nulla pariatur. Excepteur sint occaecat cupidatat non proident, sunt in culpa qui officia deserunt mollit anim id est laborum.', 3, 1);
INSERT INTO job_match.job_forms (id, name, salary_min, salary_max, description, location_id, is_remote) VALUES (99, 'Data Scientist', 2900, 3600, 'Lorem ipsum dolor sit amet, consectetur adipiscing elit, sed do eiusmod tempor incididunt ut labore et dolore magna aliqua. Ut enim ad minim veniam, quis nostrud exercitation ullamco laboris nisi ut aliquip ex ea commodo consequat. Duis aute irure dolor in reprehenderit in voluptate velit esse cillum dolore eu fugiat nulla pariatur. Excepteur sint occaecat cupidatat non proident, sunt in culpa qui officia deserunt mollit anim id est laborum.', 18, 0);
INSERT INTO job_match.job_forms (id, name, salary_min, salary_max, description, location_id, is_remote) VALUES (100, 'IT Director', 3100, 3800, 'Lorem ipsum dolor sit amet, consectetur adipiscing elit, sed do eiusmod tempor incididunt ut labore et dolore magna aliqua. Ut enim ad minim veniam, quis nostrud exercitation ullamco laboris nisi ut aliquip ex ea commodo consequat. Duis aute irure dolor in reprehenderit in voluptate velit esse cillum dolore eu fugiat nulla pariatur. Excepteur sint occaecat cupidatat non proident, sunt in culpa qui officia deserunt mollit anim id est laborum.', 19, 1);

INSERT INTO job_match.job_forms_skillsets (job_form_id, skill_id, skill_level) VALUES (1, 2, 'EXPERT');
INSERT INTO job_match.job_forms_skillsets (job_form_id, skill_id, skill_level) VALUES (1, 4, 'EXPERT');
INSERT INTO job_match.job_forms_skillsets (job_form_id, skill_id, skill_level) VALUES (1, 5, 'EXPERT');
INSERT INTO job_match.job_forms_skillsets (job_form_id, skill_id, skill_level) VALUES (1, 7, 'ADVANCED');
INSERT INTO job_match.job_forms_skillsets (job_form_id, skill_id, skill_level) VALUES (1, 8, 'EXPERT');
INSERT INTO job_match.job_forms_skillsets (job_form_id, skill_id, skill_level) VALUES (1, 9, 'EXPERT');
INSERT INTO job_match.job_forms_skillsets (job_form_id, skill_id, skill_level) VALUES (1, 11, 'INTERMEDIATE');
INSERT INTO job_match.job_forms_skillsets (job_form_id, skill_id, skill_level) VALUES (1, 12, 'EXPERT');
INSERT INTO job_match.job_forms_skillsets (job_form_id, skill_id, skill_level) VALUES (1, 14, 'EXPERT');
INSERT INTO job_match.job_forms_skillsets (job_form_id, skill_id, skill_level) VALUES (1, 17, 'NOVICE');
INSERT INTO job_match.job_forms_skillsets (job_form_id, skill_id, skill_level) VALUES (2, 1, 'EXPERT');
INSERT INTO job_match.job_forms_skillsets (job_form_id, skill_id, skill_level) VALUES (2, 3, 'EXPERT');
INSERT INTO job_match.job_forms_skillsets (job_form_id, skill_id, skill_level) VALUES (2, 6, 'EXPERT');
INSERT INTO job_match.job_forms_skillsets (job_form_id, skill_id, skill_level) VALUES (2, 10, 'ADVANCED');
INSERT INTO job_match.job_forms_skillsets (job_form_id, skill_id, skill_level) VALUES (2, 13, 'EXPERT');
INSERT INTO job_match.job_forms_skillsets (job_form_id, skill_id, skill_level) VALUES (2, 15, 'EXPERT');
INSERT INTO job_match.job_forms_skillsets (job_form_id, skill_id, skill_level) VALUES (2, 16, 'INTERMEDIATE');
INSERT INTO job_match.job_forms_skillsets (job_form_id, skill_id, skill_level) VALUES (2, 18, 'EXPERT');
INSERT INTO job_match.job_forms_skillsets (job_form_id, skill_id, skill_level) VALUES (2, 19, 'EXPERT');
INSERT INTO job_match.job_forms_skillsets (job_form_id, skill_id, skill_level) VALUES (2, 20, 'NOVICE');
INSERT INTO job_match.job_forms_skillsets (job_form_id, skill_id, skill_level) VALUES (3, 3, 'EXPERT');
INSERT INTO job_match.job_forms_skillsets (job_form_id, skill_id, skill_level) VALUES (3, 5, 'EXPERT');
INSERT INTO job_match.job_forms_skillsets (job_form_id, skill_id, skill_level) VALUES (3, 6, 'EXPERT');
INSERT INTO job_match.job_forms_skillsets (job_form_id, skill_id, skill_level) VALUES (3, 11, 'ADVANCED');
INSERT INTO job_match.job_forms_skillsets (job_form_id, skill_id, skill_level) VALUES (3, 12, 'EXPERT');
INSERT INTO job_match.job_forms_skillsets (job_form_id, skill_id, skill_level) VALUES (3, 13, 'EXPERT');
INSERT INTO job_match.job_forms_skillsets (job_form_id, skill_id, skill_level) VALUES (3, 14, 'INTERMEDIATE');
INSERT INTO job_match.job_forms_skillsets (job_form_id, skill_id, skill_level) VALUES (3, 15, 'EXPERT');
INSERT INTO job_match.job_forms_skillsets (job_form_id, skill_id, skill_level) VALUES (3, 18, 'EXPERT');
INSERT INTO job_match.job_forms_skillsets (job_form_id, skill_id, skill_level) VALUES (3, 20, 'NOVICE');
INSERT INTO job_match.job_forms_skillsets (job_form_id, skill_id, skill_level) VALUES (4, 1, 'EXPERT');
INSERT INTO job_match.job_forms_skillsets (job_form_id, skill_id, skill_level) VALUES (4, 2, 'EXPERT');
INSERT INTO job_match.job_forms_skillsets (job_form_id, skill_id, skill_level) VALUES (4, 4, 'EXPERT');
INSERT INTO job_match.job_forms_skillsets (job_form_id, skill_id, skill_level) VALUES (4, 7, 'ADVANCED');
INSERT INTO job_match.job_forms_skillsets (job_form_id, skill_id, skill_level) VALUES (4, 8, 'EXPERT');
INSERT INTO job_match.job_forms_skillsets (job_form_id, skill_id, skill_level) VALUES (4, 9, 'EXPERT');
INSERT INTO job_match.job_forms_skillsets (job_form_id, skill_id, skill_level) VALUES (4, 10, 'INTERMEDIATE');
INSERT INTO job_match.job_forms_skillsets (job_form_id, skill_id, skill_level) VALUES (4, 16, 'EXPERT');
INSERT INTO job_match.job_forms_skillsets (job_form_id, skill_id, skill_level) VALUES (4, 17, 'EXPERT');
INSERT INTO job_match.job_forms_skillsets (job_form_id, skill_id, skill_level) VALUES (4, 19, 'NOVICE');
INSERT INTO job_match.job_forms_skillsets (job_form_id, skill_id, skill_level) VALUES (5, 1, 'EXPERT');
INSERT INTO job_match.job_forms_skillsets (job_form_id, skill_id, skill_level) VALUES (5, 3, 'EXPERT');
INSERT INTO job_match.job_forms_skillsets (job_form_id, skill_id, skill_level) VALUES (5, 4, 'EXPERT');
INSERT INTO job_match.job_forms_skillsets (job_form_id, skill_id, skill_level) VALUES (5, 5, 'ADVANCED');
INSERT INTO job_match.job_forms_skillsets (job_form_id, skill_id, skill_level) VALUES (5, 6, 'EXPERT');
INSERT INTO job_match.job_forms_skillsets (job_form_id, skill_id, skill_level) VALUES (5, 7, 'EXPERT');
INSERT INTO job_match.job_forms_skillsets (job_form_id, skill_id, skill_level) VALUES (5, 9, 'INTERMEDIATE');
INSERT INTO job_match.job_forms_skillsets (job_form_id, skill_id, skill_level) VALUES (5, 12, 'EXPERT');
INSERT INTO job_match.job_forms_skillsets (job_form_id, skill_id, skill_level) VALUES (5, 18, 'EXPERT');
INSERT INTO job_match.job_forms_skillsets (job_form_id, skill_id, skill_level) VALUES (5, 19, 'NOVICE');
INSERT INTO job_match.job_forms_skillsets (job_form_id, skill_id, skill_level) VALUES (6, 2, 'EXPERT');
INSERT INTO job_match.job_forms_skillsets (job_form_id, skill_id, skill_level) VALUES (6, 8, 'EXPERT');
INSERT INTO job_match.job_forms_skillsets (job_form_id, skill_id, skill_level) VALUES (6, 10, 'EXPERT');
INSERT INTO job_match.job_forms_skillsets (job_form_id, skill_id, skill_level) VALUES (6, 11, 'ADVANCED');
INSERT INTO job_match.job_forms_skillsets (job_form_id, skill_id, skill_level) VALUES (6, 13, 'EXPERT');
INSERT INTO job_match.job_forms_skillsets (job_form_id, skill_id, skill_level) VALUES (6, 14, 'EXPERT');
INSERT INTO job_match.job_forms_skillsets (job_form_id, skill_id, skill_level) VALUES (6, 15, 'INTERMEDIATE');
INSERT INTO job_match.job_forms_skillsets (job_form_id, skill_id, skill_level) VALUES (6, 16, 'EXPERT');
INSERT INTO job_match.job_forms_skillsets (job_form_id, skill_id, skill_level) VALUES (6, 17, 'EXPERT');
INSERT INTO job_match.job_forms_skillsets (job_form_id, skill_id, skill_level) VALUES (6, 20, 'NOVICE');
INSERT INTO job_match.job_forms_skillsets (job_form_id, skill_id, skill_level) VALUES (7, 4, 'EXPERT');
INSERT INTO job_match.job_forms_skillsets (job_form_id, skill_id, skill_level) VALUES (7, 5, 'EXPERT');
INSERT INTO job_match.job_forms_skillsets (job_form_id, skill_id, skill_level) VALUES (7, 6, 'EXPERT');
INSERT INTO job_match.job_forms_skillsets (job_form_id, skill_id, skill_level) VALUES (7, 7, 'ADVANCED');
INSERT INTO job_match.job_forms_skillsets (job_form_id, skill_id, skill_level) VALUES (7, 9, 'EXPERT');
INSERT INTO job_match.job_forms_skillsets (job_form_id, skill_id, skill_level) VALUES (7, 11, 'EXPERT');
INSERT INTO job_match.job_forms_skillsets (job_form_id, skill_id, skill_level) VALUES (7, 13, 'INTERMEDIATE');
INSERT INTO job_match.job_forms_skillsets (job_form_id, skill_id, skill_level) VALUES (7, 17, 'EXPERT');
INSERT INTO job_match.job_forms_skillsets (job_form_id, skill_id, skill_level) VALUES (7, 18, 'EXPERT');
INSERT INTO job_match.job_forms_skillsets (job_form_id, skill_id, skill_level) VALUES (7, 20, 'NOVICE');
INSERT INTO job_match.job_forms_skillsets (job_form_id, skill_id, skill_level) VALUES (8, 1, 'EXPERT');
INSERT INTO job_match.job_forms_skillsets (job_form_id, skill_id, skill_level) VALUES (8, 2, 'EXPERT');
INSERT INTO job_match.job_forms_skillsets (job_form_id, skill_id, skill_level) VALUES (8, 3, 'EXPERT');
INSERT INTO job_match.job_forms_skillsets (job_form_id, skill_id, skill_level) VALUES (8, 8, 'ADVANCED');
INSERT INTO job_match.job_forms_skillsets (job_form_id, skill_id, skill_level) VALUES (8, 10, 'EXPERT');
INSERT INTO job_match.job_forms_skillsets (job_form_id, skill_id, skill_level) VALUES (8, 12, 'EXPERT');
INSERT INTO job_match.job_forms_skillsets (job_form_id, skill_id, skill_level) VALUES (8, 14, 'INTERMEDIATE');
INSERT INTO job_match.job_forms_skillsets (job_form_id, skill_id, skill_level) VALUES (8, 15, 'EXPERT');
INSERT INTO job_match.job_forms_skillsets (job_form_id, skill_id, skill_level) VALUES (8, 16, 'EXPERT');
INSERT INTO job_match.job_forms_skillsets (job_form_id, skill_id, skill_level) VALUES (8, 19, 'NOVICE');
INSERT INTO job_match.job_forms_skillsets (job_form_id, skill_id, skill_level) VALUES (9, 4, 'EXPERT');
INSERT INTO job_match.job_forms_skillsets (job_form_id, skill_id, skill_level) VALUES (9, 5, 'EXPERT');
INSERT INTO job_match.job_forms_skillsets (job_form_id, skill_id, skill_level) VALUES (9, 8, 'EXPERT');
INSERT INTO job_match.job_forms_skillsets (job_form_id, skill_id, skill_level) VALUES (9, 9, 'ADVANCED');
INSERT INTO job_match.job_forms_skillsets (job_form_id, skill_id, skill_level) VALUES (9, 12, 'EXPERT');
INSERT INTO job_match.job_forms_skillsets (job_form_id, skill_id, skill_level) VALUES (9, 13, 'EXPERT');
INSERT INTO job_match.job_forms_skillsets (job_form_id, skill_id, skill_level) VALUES (9, 14, 'INTERMEDIATE');
INSERT INTO job_match.job_forms_skillsets (job_form_id, skill_id, skill_level) VALUES (9, 15, 'EXPERT');
INSERT INTO job_match.job_forms_skillsets (job_form_id, skill_id, skill_level) VALUES (9, 18, 'EXPERT');
INSERT INTO job_match.job_forms_skillsets (job_form_id, skill_id, skill_level) VALUES (9, 20, 'NOVICE');
INSERT INTO job_match.job_forms_skillsets (job_form_id, skill_id, skill_level) VALUES (10, 1, 'EXPERT');
INSERT INTO job_match.job_forms_skillsets (job_form_id, skill_id, skill_level) VALUES (10, 2, 'EXPERT');
INSERT INTO job_match.job_forms_skillsets (job_form_id, skill_id, skill_level) VALUES (10, 3, 'EXPERT');
INSERT INTO job_match.job_forms_skillsets (job_form_id, skill_id, skill_level) VALUES (10, 6, 'ADVANCED');
INSERT INTO job_match.job_forms_skillsets (job_form_id, skill_id, skill_level) VALUES (10, 7, 'EXPERT');
INSERT INTO job_match.job_forms_skillsets (job_form_id, skill_id, skill_level) VALUES (10, 10, 'EXPERT');
INSERT INTO job_match.job_forms_skillsets (job_form_id, skill_id, skill_level) VALUES (10, 11, 'INTERMEDIATE');
INSERT INTO job_match.job_forms_skillsets (job_form_id, skill_id, skill_level) VALUES (10, 16, 'EXPERT');
INSERT INTO job_match.job_forms_skillsets (job_form_id, skill_id, skill_level) VALUES (10, 17, 'EXPERT');
INSERT INTO job_match.job_forms_skillsets (job_form_id, skill_id, skill_level) VALUES (10, 19, 'NOVICE');
INSERT INTO job_match.job_forms_skillsets (job_form_id, skill_id, skill_level) VALUES (11, 1, 'EXPERT');
INSERT INTO job_match.job_forms_skillsets (job_form_id, skill_id, skill_level) VALUES (11, 2, 'EXPERT');
INSERT INTO job_match.job_forms_skillsets (job_form_id, skill_id, skill_level) VALUES (11, 3, 'EXPERT');
INSERT INTO job_match.job_forms_skillsets (job_form_id, skill_id, skill_level) VALUES (11, 4, 'ADVANCED');
INSERT INTO job_match.job_forms_skillsets (job_form_id, skill_id, skill_level) VALUES (11, 8, 'EXPERT');
INSERT INTO job_match.job_forms_skillsets (job_form_id, skill_id, skill_level) VALUES (11, 9, 'EXPERT');
INSERT INTO job_match.job_forms_skillsets (job_form_id, skill_id, skill_level) VALUES (11, 11, 'INTERMEDIATE');
INSERT INTO job_match.job_forms_skillsets (job_form_id, skill_id, skill_level) VALUES (11, 15, 'EXPERT');
INSERT INTO job_match.job_forms_skillsets (job_form_id, skill_id, skill_level) VALUES (11, 16, 'EXPERT');
INSERT INTO job_match.job_forms_skillsets (job_form_id, skill_id, skill_level) VALUES (11, 19, 'NOVICE');
INSERT INTO job_match.job_forms_skillsets (job_form_id, skill_id, skill_level) VALUES (12, 5, 'EXPERT');
INSERT INTO job_match.job_forms_skillsets (job_form_id, skill_id, skill_level) VALUES (12, 6, 'EXPERT');
INSERT INTO job_match.job_forms_skillsets (job_form_id, skill_id, skill_level) VALUES (12, 7, 'EXPERT');
INSERT INTO job_match.job_forms_skillsets (job_form_id, skill_id, skill_level) VALUES (12, 10, 'ADVANCED');
INSERT INTO job_match.job_forms_skillsets (job_form_id, skill_id, skill_level) VALUES (12, 12, 'EXPERT');
INSERT INTO job_match.job_forms_skillsets (job_form_id, skill_id, skill_level) VALUES (12, 13, 'EXPERT');
INSERT INTO job_match.job_forms_skillsets (job_form_id, skill_id, skill_level) VALUES (12, 14, 'INTERMEDIATE');
INSERT INTO job_match.job_forms_skillsets (job_form_id, skill_id, skill_level) VALUES (12, 17, 'EXPERT');
INSERT INTO job_match.job_forms_skillsets (job_form_id, skill_id, skill_level) VALUES (12, 18, 'EXPERT');
INSERT INTO job_match.job_forms_skillsets (job_form_id, skill_id, skill_level) VALUES (12, 20, 'NOVICE');
INSERT INTO job_match.job_forms_skillsets (job_form_id, skill_id, skill_level) VALUES (13, 7, 'EXPERT');
INSERT INTO job_match.job_forms_skillsets (job_form_id, skill_id, skill_level) VALUES (13, 10, 'EXPERT');
INSERT INTO job_match.job_forms_skillsets (job_form_id, skill_id, skill_level) VALUES (13, 12, 'EXPERT');
INSERT INTO job_match.job_forms_skillsets (job_form_id, skill_id, skill_level) VALUES (13, 14, 'ADVANCED');
INSERT INTO job_match.job_forms_skillsets (job_form_id, skill_id, skill_level) VALUES (13, 15, 'EXPERT');
INSERT INTO job_match.job_forms_skillsets (job_form_id, skill_id, skill_level) VALUES (13, 16, 'EXPERT');
INSERT INTO job_match.job_forms_skillsets (job_form_id, skill_id, skill_level) VALUES (13, 17, 'INTERMEDIATE');
INSERT INTO job_match.job_forms_skillsets (job_form_id, skill_id, skill_level) VALUES (13, 18, 'EXPERT');
INSERT INTO job_match.job_forms_skillsets (job_form_id, skill_id, skill_level) VALUES (13, 19, 'EXPERT');
INSERT INTO job_match.job_forms_skillsets (job_form_id, skill_id, skill_level) VALUES (13, 20, 'NOVICE');
INSERT INTO job_match.job_forms_skillsets (job_form_id, skill_id, skill_level) VALUES (14, 1, 'EXPERT');
INSERT INTO job_match.job_forms_skillsets (job_form_id, skill_id, skill_level) VALUES (14, 2, 'EXPERT');
INSERT INTO job_match.job_forms_skillsets (job_form_id, skill_id, skill_level) VALUES (14, 3, 'EXPERT');
INSERT INTO job_match.job_forms_skillsets (job_form_id, skill_id, skill_level) VALUES (14, 4, 'ADVANCED');
INSERT INTO job_match.job_forms_skillsets (job_form_id, skill_id, skill_level) VALUES (14, 5, 'EXPERT');
INSERT INTO job_match.job_forms_skillsets (job_form_id, skill_id, skill_level) VALUES (14, 6, 'EXPERT');
INSERT INTO job_match.job_forms_skillsets (job_form_id, skill_id, skill_level) VALUES (14, 8, 'INTERMEDIATE');
INSERT INTO job_match.job_forms_skillsets (job_form_id, skill_id, skill_level) VALUES (14, 9, 'EXPERT');
INSERT INTO job_match.job_forms_skillsets (job_form_id, skill_id, skill_level) VALUES (14, 11, 'EXPERT');
INSERT INTO job_match.job_forms_skillsets (job_form_id, skill_id, skill_level) VALUES (14, 13, 'NOVICE');
INSERT INTO job_match.job_forms_skillsets (job_form_id, skill_id, skill_level) VALUES (15, 2, 'EXPERT');
INSERT INTO job_match.job_forms_skillsets (job_form_id, skill_id, skill_level) VALUES (15, 4, 'EXPERT');
INSERT INTO job_match.job_forms_skillsets (job_form_id, skill_id, skill_level) VALUES (15, 5, 'EXPERT');
INSERT INTO job_match.job_forms_skillsets (job_form_id, skill_id, skill_level) VALUES (15, 11, 'ADVANCED');
INSERT INTO job_match.job_forms_skillsets (job_form_id, skill_id, skill_level) VALUES (15, 13, 'EXPERT');
INSERT INTO job_match.job_forms_skillsets (job_form_id, skill_id, skill_level) VALUES (15, 15, 'EXPERT');
INSERT INTO job_match.job_forms_skillsets (job_form_id, skill_id, skill_level) VALUES (15, 16, 'INTERMEDIATE');
INSERT INTO job_match.job_forms_skillsets (job_form_id, skill_id, skill_level) VALUES (15, 17, 'EXPERT');
INSERT INTO job_match.job_forms_skillsets (job_form_id, skill_id, skill_level) VALUES (15, 18, 'EXPERT');
INSERT INTO job_match.job_forms_skillsets (job_form_id, skill_id, skill_level) VALUES (15, 19, 'NOVICE');
INSERT INTO job_match.job_forms_skillsets (job_form_id, skill_id, skill_level) VALUES (16, 1, 'EXPERT');
INSERT INTO job_match.job_forms_skillsets (job_form_id, skill_id, skill_level) VALUES (16, 3, 'EXPERT');
INSERT INTO job_match.job_forms_skillsets (job_form_id, skill_id, skill_level) VALUES (16, 6, 'EXPERT');
INSERT INTO job_match.job_forms_skillsets (job_form_id, skill_id, skill_level) VALUES (16, 7, 'ADVANCED');
INSERT INTO job_match.job_forms_skillsets (job_form_id, skill_id, skill_level) VALUES (16, 8, 'EXPERT');
INSERT INTO job_match.job_forms_skillsets (job_form_id, skill_id, skill_level) VALUES (16, 9, 'EXPERT');
INSERT INTO job_match.job_forms_skillsets (job_form_id, skill_id, skill_level) VALUES (16, 10, 'INTERMEDIATE');
INSERT INTO job_match.job_forms_skillsets (job_form_id, skill_id, skill_level) VALUES (16, 12, 'EXPERT');
INSERT INTO job_match.job_forms_skillsets (job_form_id, skill_id, skill_level) VALUES (16, 14, 'EXPERT');
INSERT INTO job_match.job_forms_skillsets (job_form_id, skill_id, skill_level) VALUES (16, 20, 'NOVICE');
INSERT INTO job_match.job_forms_skillsets (job_form_id, skill_id, skill_level) VALUES (17, 1, 'EXPERT');
INSERT INTO job_match.job_forms_skillsets (job_form_id, skill_id, skill_level) VALUES (17, 3, 'EXPERT');
INSERT INTO job_match.job_forms_skillsets (job_form_id, skill_id, skill_level) VALUES (17, 4, 'EXPERT');
INSERT INTO job_match.job_forms_skillsets (job_form_id, skill_id, skill_level) VALUES (17, 6, 'ADVANCED');
INSERT INTO job_match.job_forms_skillsets (job_form_id, skill_id, skill_level) VALUES (17, 7, 'EXPERT');
INSERT INTO job_match.job_forms_skillsets (job_form_id, skill_id, skill_level) VALUES (17, 9, 'EXPERT');
INSERT INTO job_match.job_forms_skillsets (job_form_id, skill_id, skill_level) VALUES (17, 12, 'INTERMEDIATE');
INSERT INTO job_match.job_forms_skillsets (job_form_id, skill_id, skill_level) VALUES (17, 13, 'EXPERT');
INSERT INTO job_match.job_forms_skillsets (job_form_id, skill_id, skill_level) VALUES (17, 15, 'EXPERT');
INSERT INTO job_match.job_forms_skillsets (job_form_id, skill_id, skill_level) VALUES (17, 16, 'NOVICE');
INSERT INTO job_match.job_forms_skillsets (job_form_id, skill_id, skill_level) VALUES (18, 2, 'EXPERT');
INSERT INTO job_match.job_forms_skillsets (job_form_id, skill_id, skill_level) VALUES (18, 5, 'EXPERT');
INSERT INTO job_match.job_forms_skillsets (job_form_id, skill_id, skill_level) VALUES (18, 8, 'EXPERT');
INSERT INTO job_match.job_forms_skillsets (job_form_id, skill_id, skill_level) VALUES (18, 10, 'ADVANCED');
INSERT INTO job_match.job_forms_skillsets (job_form_id, skill_id, skill_level) VALUES (18, 11, 'EXPERT');
INSERT INTO job_match.job_forms_skillsets (job_form_id, skill_id, skill_level) VALUES (18, 14, 'EXPERT');
INSERT INTO job_match.job_forms_skillsets (job_form_id, skill_id, skill_level) VALUES (18, 17, 'INTERMEDIATE');
INSERT INTO job_match.job_forms_skillsets (job_form_id, skill_id, skill_level) VALUES (18, 18, 'EXPERT');
INSERT INTO job_match.job_forms_skillsets (job_form_id, skill_id, skill_level) VALUES (18, 19, 'EXPERT');
INSERT INTO job_match.job_forms_skillsets (job_form_id, skill_id, skill_level) VALUES (18, 20, 'NOVICE');
INSERT INTO job_match.job_forms_skillsets (job_form_id, skill_id, skill_level) VALUES (19, 2, 'EXPERT');
INSERT INTO job_match.job_forms_skillsets (job_form_id, skill_id, skill_level) VALUES (19, 4, 'EXPERT');
INSERT INTO job_match.job_forms_skillsets (job_form_id, skill_id, skill_level) VALUES (19, 5, 'EXPERT');
INSERT INTO job_match.job_forms_skillsets (job_form_id, skill_id, skill_level) VALUES (19, 7, 'ADVANCED');
INSERT INTO job_match.job_forms_skillsets (job_form_id, skill_id, skill_level) VALUES (19, 9, 'EXPERT');
INSERT INTO job_match.job_forms_skillsets (job_form_id, skill_id, skill_level) VALUES (19, 10, 'EXPERT');
INSERT INTO job_match.job_forms_skillsets (job_form_id, skill_id, skill_level) VALUES (19, 12, 'INTERMEDIATE');
INSERT INTO job_match.job_forms_skillsets (job_form_id, skill_id, skill_level) VALUES (19, 14, 'EXPERT');
INSERT INTO job_match.job_forms_skillsets (job_form_id, skill_id, skill_level) VALUES (19, 15, 'EXPERT');
INSERT INTO job_match.job_forms_skillsets (job_form_id, skill_id, skill_level) VALUES (19, 18, 'NOVICE');
INSERT INTO job_match.job_forms_skillsets (job_form_id, skill_id, skill_level) VALUES (20, 1, 'EXPERT');
INSERT INTO job_match.job_forms_skillsets (job_form_id, skill_id, skill_level) VALUES (20, 3, 'EXPERT');
INSERT INTO job_match.job_forms_skillsets (job_form_id, skill_id, skill_level) VALUES (20, 6, 'EXPERT');
INSERT INTO job_match.job_forms_skillsets (job_form_id, skill_id, skill_level) VALUES (20, 8, 'ADVANCED');
INSERT INTO job_match.job_forms_skillsets (job_form_id, skill_id, skill_level) VALUES (20, 11, 'EXPERT');
INSERT INTO job_match.job_forms_skillsets (job_form_id, skill_id, skill_level) VALUES (20, 13, 'EXPERT');
INSERT INTO job_match.job_forms_skillsets (job_form_id, skill_id, skill_level) VALUES (20, 16, 'INTERMEDIATE');
INSERT INTO job_match.job_forms_skillsets (job_form_id, skill_id, skill_level) VALUES (20, 17, 'EXPERT');
INSERT INTO job_match.job_forms_skillsets (job_form_id, skill_id, skill_level) VALUES (20, 19, 'EXPERT');
INSERT INTO job_match.job_forms_skillsets (job_form_id, skill_id, skill_level) VALUES (20, 20, 'NOVICE');
INSERT INTO job_match.job_forms_skillsets (job_form_id, skill_id, skill_level) VALUES (21, 1, 'EXPERT');
INSERT INTO job_match.job_forms_skillsets (job_form_id, skill_id, skill_level) VALUES (21, 2, 'EXPERT');
INSERT INTO job_match.job_forms_skillsets (job_form_id, skill_id, skill_level) VALUES (21, 6, 'EXPERT');
INSERT INTO job_match.job_forms_skillsets (job_form_id, skill_id, skill_level) VALUES (21, 8, 'ADVANCED');
INSERT INTO job_match.job_forms_skillsets (job_form_id, skill_id, skill_level) VALUES (21, 9, 'EXPERT');
INSERT INTO job_match.job_forms_skillsets (job_form_id, skill_id, skill_level) VALUES (21, 10, 'EXPERT');
INSERT INTO job_match.job_forms_skillsets (job_form_id, skill_id, skill_level) VALUES (21, 11, 'INTERMEDIATE');
INSERT INTO job_match.job_forms_skillsets (job_form_id, skill_id, skill_level) VALUES (21, 14, 'EXPERT');
INSERT INTO job_match.job_forms_skillsets (job_form_id, skill_id, skill_level) VALUES (21, 15, 'EXPERT');
INSERT INTO job_match.job_forms_skillsets (job_form_id, skill_id, skill_level) VALUES (21, 18, 'NOVICE');
INSERT INTO job_match.job_forms_skillsets (job_form_id, skill_id, skill_level) VALUES (22, 3, 'EXPERT');
INSERT INTO job_match.job_forms_skillsets (job_form_id, skill_id, skill_level) VALUES (22, 4, 'EXPERT');
INSERT INTO job_match.job_forms_skillsets (job_form_id, skill_id, skill_level) VALUES (22, 5, 'EXPERT');
INSERT INTO job_match.job_forms_skillsets (job_form_id, skill_id, skill_level) VALUES (22, 7, 'ADVANCED');
INSERT INTO job_match.job_forms_skillsets (job_form_id, skill_id, skill_level) VALUES (22, 12, 'EXPERT');
INSERT INTO job_match.job_forms_skillsets (job_form_id, skill_id, skill_level) VALUES (22, 13, 'EXPERT');
INSERT INTO job_match.job_forms_skillsets (job_form_id, skill_id, skill_level) VALUES (22, 16, 'INTERMEDIATE');
INSERT INTO job_match.job_forms_skillsets (job_form_id, skill_id, skill_level) VALUES (22, 17, 'EXPERT');
INSERT INTO job_match.job_forms_skillsets (job_form_id, skill_id, skill_level) VALUES (22, 19, 'EXPERT');
INSERT INTO job_match.job_forms_skillsets (job_form_id, skill_id, skill_level) VALUES (22, 20, 'NOVICE');
INSERT INTO job_match.job_forms_skillsets (job_form_id, skill_id, skill_level) VALUES (23, 3, 'EXPERT');
INSERT INTO job_match.job_forms_skillsets (job_form_id, skill_id, skill_level) VALUES (23, 6, 'EXPERT');
INSERT INTO job_match.job_forms_skillsets (job_form_id, skill_id, skill_level) VALUES (23, 7, 'EXPERT');
INSERT INTO job_match.job_forms_skillsets (job_form_id, skill_id, skill_level) VALUES (23, 10, 'ADVANCED');
INSERT INTO job_match.job_forms_skillsets (job_form_id, skill_id, skill_level) VALUES (23, 11, 'EXPERT');
INSERT INTO job_match.job_forms_skillsets (job_form_id, skill_id, skill_level) VALUES (23, 12, 'EXPERT');
INSERT INTO job_match.job_forms_skillsets (job_form_id, skill_id, skill_level) VALUES (23, 13, 'INTERMEDIATE');
INSERT INTO job_match.job_forms_skillsets (job_form_id, skill_id, skill_level) VALUES (23, 15, 'EXPERT');
INSERT INTO job_match.job_forms_skillsets (job_form_id, skill_id, skill_level) VALUES (23, 16, 'EXPERT');
INSERT INTO job_match.job_forms_skillsets (job_form_id, skill_id, skill_level) VALUES (23, 20, 'NOVICE');
INSERT INTO job_match.job_forms_skillsets (job_form_id, skill_id, skill_level) VALUES (24, 1, 'EXPERT');
INSERT INTO job_match.job_forms_skillsets (job_form_id, skill_id, skill_level) VALUES (24, 2, 'EXPERT');
INSERT INTO job_match.job_forms_skillsets (job_form_id, skill_id, skill_level) VALUES (24, 4, 'EXPERT');
INSERT INTO job_match.job_forms_skillsets (job_form_id, skill_id, skill_level) VALUES (24, 5, 'ADVANCED');
INSERT INTO job_match.job_forms_skillsets (job_form_id, skill_id, skill_level) VALUES (24, 8, 'EXPERT');
INSERT INTO job_match.job_forms_skillsets (job_form_id, skill_id, skill_level) VALUES (24, 9, 'EXPERT');
INSERT INTO job_match.job_forms_skillsets (job_form_id, skill_id, skill_level) VALUES (24, 14, 'INTERMEDIATE');
INSERT INTO job_match.job_forms_skillsets (job_form_id, skill_id, skill_level) VALUES (24, 17, 'EXPERT');
INSERT INTO job_match.job_forms_skillsets (job_form_id, skill_id, skill_level) VALUES (24, 18, 'EXPERT');
INSERT INTO job_match.job_forms_skillsets (job_form_id, skill_id, skill_level) VALUES (24, 19, 'NOVICE');
INSERT INTO job_match.job_forms_skillsets (job_form_id, skill_id, skill_level) VALUES (25, 1, 'EXPERT');
INSERT INTO job_match.job_forms_skillsets (job_form_id, skill_id, skill_level) VALUES (25, 2, 'EXPERT');
INSERT INTO job_match.job_forms_skillsets (job_form_id, skill_id, skill_level) VALUES (25, 3, 'EXPERT');
INSERT INTO job_match.job_forms_skillsets (job_form_id, skill_id, skill_level) VALUES (25, 4, 'ADVANCED');
INSERT INTO job_match.job_forms_skillsets (job_form_id, skill_id, skill_level) VALUES (25, 8, 'EXPERT');
INSERT INTO job_match.job_forms_skillsets (job_form_id, skill_id, skill_level) VALUES (25, 9, 'EXPERT');
INSERT INTO job_match.job_forms_skillsets (job_form_id, skill_id, skill_level) VALUES (25, 10, 'INTERMEDIATE');
INSERT INTO job_match.job_forms_skillsets (job_form_id, skill_id, skill_level) VALUES (25, 11, 'EXPERT');
INSERT INTO job_match.job_forms_skillsets (job_form_id, skill_id, skill_level) VALUES (25, 13, 'EXPERT');
INSERT INTO job_match.job_forms_skillsets (job_form_id, skill_id, skill_level) VALUES (25, 17, 'NOVICE');
INSERT INTO job_match.job_forms_skillsets (job_form_id, skill_id, skill_level) VALUES (26, 5, 'EXPERT');
INSERT INTO job_match.job_forms_skillsets (job_form_id, skill_id, skill_level) VALUES (26, 6, 'EXPERT');
INSERT INTO job_match.job_forms_skillsets (job_form_id, skill_id, skill_level) VALUES (26, 7, 'EXPERT');
INSERT INTO job_match.job_forms_skillsets (job_form_id, skill_id, skill_level) VALUES (26, 12, 'ADVANCED');
INSERT INTO job_match.job_forms_skillsets (job_form_id, skill_id, skill_level) VALUES (26, 14, 'EXPERT');
INSERT INTO job_match.job_forms_skillsets (job_form_id, skill_id, skill_level) VALUES (26, 15, 'EXPERT');
INSERT INTO job_match.job_forms_skillsets (job_form_id, skill_id, skill_level) VALUES (26, 16, 'INTERMEDIATE');
INSERT INTO job_match.job_forms_skillsets (job_form_id, skill_id, skill_level) VALUES (26, 18, 'EXPERT');
INSERT INTO job_match.job_forms_skillsets (job_form_id, skill_id, skill_level) VALUES (26, 19, 'EXPERT');
INSERT INTO job_match.job_forms_skillsets (job_form_id, skill_id, skill_level) VALUES (26, 20, 'NOVICE');
INSERT INTO job_match.job_forms_skillsets (job_form_id, skill_id, skill_level) VALUES (27, 1, 'EXPERT');
INSERT INTO job_match.job_forms_skillsets (job_form_id, skill_id, skill_level) VALUES (27, 2, 'EXPERT');
INSERT INTO job_match.job_forms_skillsets (job_form_id, skill_id, skill_level) VALUES (27, 3, 'EXPERT');
INSERT INTO job_match.job_forms_skillsets (job_form_id, skill_id, skill_level) VALUES (27, 4, 'ADVANCED');
INSERT INTO job_match.job_forms_skillsets (job_form_id, skill_id, skill_level) VALUES (27, 5, 'EXPERT');
INSERT INTO job_match.job_forms_skillsets (job_form_id, skill_id, skill_level) VALUES (27, 8, 'EXPERT');
INSERT INTO job_match.job_forms_skillsets (job_form_id, skill_id, skill_level) VALUES (27, 9, 'INTERMEDIATE');
INSERT INTO job_match.job_forms_skillsets (job_form_id, skill_id, skill_level) VALUES (27, 12, 'EXPERT');
INSERT INTO job_match.job_forms_skillsets (job_form_id, skill_id, skill_level) VALUES (27, 14, 'EXPERT');
INSERT INTO job_match.job_forms_skillsets (job_form_id, skill_id, skill_level) VALUES (27, 17, 'NOVICE');
INSERT INTO job_match.job_forms_skillsets (job_form_id, skill_id, skill_level) VALUES (28, 6, 'EXPERT');
INSERT INTO job_match.job_forms_skillsets (job_form_id, skill_id, skill_level) VALUES (28, 7, 'EXPERT');
INSERT INTO job_match.job_forms_skillsets (job_form_id, skill_id, skill_level) VALUES (28, 10, 'EXPERT');
INSERT INTO job_match.job_forms_skillsets (job_form_id, skill_id, skill_level) VALUES (28, 11, 'ADVANCED');
INSERT INTO job_match.job_forms_skillsets (job_form_id, skill_id, skill_level) VALUES (28, 13, 'EXPERT');
INSERT INTO job_match.job_forms_skillsets (job_form_id, skill_id, skill_level) VALUES (28, 15, 'EXPERT');
INSERT INTO job_match.job_forms_skillsets (job_form_id, skill_id, skill_level) VALUES (28, 16, 'INTERMEDIATE');
INSERT INTO job_match.job_forms_skillsets (job_form_id, skill_id, skill_level) VALUES (28, 18, 'EXPERT');
INSERT INTO job_match.job_forms_skillsets (job_form_id, skill_id, skill_level) VALUES (28, 19, 'EXPERT');
INSERT INTO job_match.job_forms_skillsets (job_form_id, skill_id, skill_level) VALUES (28, 20, 'NOVICE');
INSERT INTO job_match.job_forms_skillsets (job_form_id, skill_id, skill_level) VALUES (29, 1, 'EXPERT');
INSERT INTO job_match.job_forms_skillsets (job_form_id, skill_id, skill_level) VALUES (29, 4, 'EXPERT');
INSERT INTO job_match.job_forms_skillsets (job_form_id, skill_id, skill_level) VALUES (29, 6, 'EXPERT');
INSERT INTO job_match.job_forms_skillsets (job_form_id, skill_id, skill_level) VALUES (29, 9, 'ADVANCED');
INSERT INTO job_match.job_forms_skillsets (job_form_id, skill_id, skill_level) VALUES (29, 10, 'EXPERT');
INSERT INTO job_match.job_forms_skillsets (job_form_id, skill_id, skill_level) VALUES (29, 11, 'EXPERT');
INSERT INTO job_match.job_forms_skillsets (job_form_id, skill_id, skill_level) VALUES (29, 13, 'INTERMEDIATE');
INSERT INTO job_match.job_forms_skillsets (job_form_id, skill_id, skill_level) VALUES (29, 15, 'EXPERT');
INSERT INTO job_match.job_forms_skillsets (job_form_id, skill_id, skill_level) VALUES (29, 17, 'EXPERT');
INSERT INTO job_match.job_forms_skillsets (job_form_id, skill_id, skill_level) VALUES (29, 20, 'NOVICE');
INSERT INTO job_match.job_forms_skillsets (job_form_id, skill_id, skill_level) VALUES (30, 2, 'EXPERT');
INSERT INTO job_match.job_forms_skillsets (job_form_id, skill_id, skill_level) VALUES (30, 3, 'EXPERT');
INSERT INTO job_match.job_forms_skillsets (job_form_id, skill_id, skill_level) VALUES (30, 5, 'EXPERT');
INSERT INTO job_match.job_forms_skillsets (job_form_id, skill_id, skill_level) VALUES (30, 7, 'ADVANCED');
INSERT INTO job_match.job_forms_skillsets (job_form_id, skill_id, skill_level) VALUES (30, 8, 'EXPERT');
INSERT INTO job_match.job_forms_skillsets (job_form_id, skill_id, skill_level) VALUES (30, 12, 'EXPERT');
INSERT INTO job_match.job_forms_skillsets (job_form_id, skill_id, skill_level) VALUES (30, 14, 'INTERMEDIATE');
INSERT INTO job_match.job_forms_skillsets (job_form_id, skill_id, skill_level) VALUES (30, 16, 'EXPERT');
INSERT INTO job_match.job_forms_skillsets (job_form_id, skill_id, skill_level) VALUES (30, 18, 'EXPERT');
INSERT INTO job_match.job_forms_skillsets (job_form_id, skill_id, skill_level) VALUES (30, 19, 'NOVICE');
INSERT INTO job_match.job_forms_skillsets (job_form_id, skill_id, skill_level) VALUES (31, 1, 'EXPERT');
INSERT INTO job_match.job_forms_skillsets (job_form_id, skill_id, skill_level) VALUES (31, 4, 'EXPERT');
INSERT INTO job_match.job_forms_skillsets (job_form_id, skill_id, skill_level) VALUES (31, 5, 'EXPERT');
INSERT INTO job_match.job_forms_skillsets (job_form_id, skill_id, skill_level) VALUES (31, 10, 'ADVANCED');
INSERT INTO job_match.job_forms_skillsets (job_form_id, skill_id, skill_level) VALUES (31, 11, 'EXPERT');
INSERT INTO job_match.job_forms_skillsets (job_form_id, skill_id, skill_level) VALUES (31, 16, 'EXPERT');
INSERT INTO job_match.job_forms_skillsets (job_form_id, skill_id, skill_level) VALUES (31, 17, 'INTERMEDIATE');
INSERT INTO job_match.job_forms_skillsets (job_form_id, skill_id, skill_level) VALUES (31, 18, 'EXPERT');
INSERT INTO job_match.job_forms_skillsets (job_form_id, skill_id, skill_level) VALUES (31, 19, 'EXPERT');
INSERT INTO job_match.job_forms_skillsets (job_form_id, skill_id, skill_level) VALUES (31, 20, 'NOVICE');
INSERT INTO job_match.job_forms_skillsets (job_form_id, skill_id, skill_level) VALUES (32, 2, 'EXPERT');
INSERT INTO job_match.job_forms_skillsets (job_form_id, skill_id, skill_level) VALUES (32, 3, 'EXPERT');
INSERT INTO job_match.job_forms_skillsets (job_form_id, skill_id, skill_level) VALUES (32, 6, 'EXPERT');
INSERT INTO job_match.job_forms_skillsets (job_form_id, skill_id, skill_level) VALUES (32, 7, 'ADVANCED');
INSERT INTO job_match.job_forms_skillsets (job_form_id, skill_id, skill_level) VALUES (32, 8, 'EXPERT');
INSERT INTO job_match.job_forms_skillsets (job_form_id, skill_id, skill_level) VALUES (32, 9, 'EXPERT');
INSERT INTO job_match.job_forms_skillsets (job_form_id, skill_id, skill_level) VALUES (32, 12, 'INTERMEDIATE');
INSERT INTO job_match.job_forms_skillsets (job_form_id, skill_id, skill_level) VALUES (32, 13, 'EXPERT');
INSERT INTO job_match.job_forms_skillsets (job_form_id, skill_id, skill_level) VALUES (32, 14, 'EXPERT');
INSERT INTO job_match.job_forms_skillsets (job_form_id, skill_id, skill_level) VALUES (32, 15, 'NOVICE');
INSERT INTO job_match.job_forms_skillsets (job_form_id, skill_id, skill_level) VALUES (33, 2, 'EXPERT');
INSERT INTO job_match.job_forms_skillsets (job_form_id, skill_id, skill_level) VALUES (33, 6, 'EXPERT');
INSERT INTO job_match.job_forms_skillsets (job_form_id, skill_id, skill_level) VALUES (33, 7, 'EXPERT');
INSERT INTO job_match.job_forms_skillsets (job_form_id, skill_id, skill_level) VALUES (33, 11, 'ADVANCED');
INSERT INTO job_match.job_forms_skillsets (job_form_id, skill_id, skill_level) VALUES (33, 12, 'EXPERT');
INSERT INTO job_match.job_forms_skillsets (job_form_id, skill_id, skill_level) VALUES (33, 13, 'EXPERT');
INSERT INTO job_match.job_forms_skillsets (job_form_id, skill_id, skill_level) VALUES (33, 14, 'INTERMEDIATE');
INSERT INTO job_match.job_forms_skillsets (job_form_id, skill_id, skill_level) VALUES (33, 15, 'EXPERT');
INSERT INTO job_match.job_forms_skillsets (job_form_id, skill_id, skill_level) VALUES (33, 16, 'EXPERT');
INSERT INTO job_match.job_forms_skillsets (job_form_id, skill_id, skill_level) VALUES (33, 18, 'NOVICE');
INSERT INTO job_match.job_forms_skillsets (job_form_id, skill_id, skill_level) VALUES (34, 1, 'EXPERT');
INSERT INTO job_match.job_forms_skillsets (job_form_id, skill_id, skill_level) VALUES (34, 3, 'EXPERT');
INSERT INTO job_match.job_forms_skillsets (job_form_id, skill_id, skill_level) VALUES (34, 4, 'EXPERT');
INSERT INTO job_match.job_forms_skillsets (job_form_id, skill_id, skill_level) VALUES (34, 5, 'ADVANCED');
INSERT INTO job_match.job_forms_skillsets (job_form_id, skill_id, skill_level) VALUES (34, 8, 'EXPERT');
INSERT INTO job_match.job_forms_skillsets (job_form_id, skill_id, skill_level) VALUES (34, 9, 'EXPERT');
INSERT INTO job_match.job_forms_skillsets (job_form_id, skill_id, skill_level) VALUES (34, 10, 'INTERMEDIATE');
INSERT INTO job_match.job_forms_skillsets (job_form_id, skill_id, skill_level) VALUES (34, 17, 'EXPERT');
INSERT INTO job_match.job_forms_skillsets (job_form_id, skill_id, skill_level) VALUES (34, 19, 'EXPERT');
INSERT INTO job_match.job_forms_skillsets (job_form_id, skill_id, skill_level) VALUES (34, 20, 'NOVICE');
INSERT INTO job_match.job_forms_skillsets (job_form_id, skill_id, skill_level) VALUES (35, 2, 'EXPERT');
INSERT INTO job_match.job_forms_skillsets (job_form_id, skill_id, skill_level) VALUES (35, 6, 'EXPERT');
INSERT INTO job_match.job_forms_skillsets (job_form_id, skill_id, skill_level) VALUES (35, 8, 'EXPERT');
INSERT INTO job_match.job_forms_skillsets (job_form_id, skill_id, skill_level) VALUES (35, 9, 'ADVANCED');
INSERT INTO job_match.job_forms_skillsets (job_form_id, skill_id, skill_level) VALUES (35, 10, 'EXPERT');
INSERT INTO job_match.job_forms_skillsets (job_form_id, skill_id, skill_level) VALUES (35, 11, 'EXPERT');
INSERT INTO job_match.job_forms_skillsets (job_form_id, skill_id, skill_level) VALUES (35, 14, 'INTERMEDIATE');
INSERT INTO job_match.job_forms_skillsets (job_form_id, skill_id, skill_level) VALUES (35, 15, 'EXPERT');
INSERT INTO job_match.job_forms_skillsets (job_form_id, skill_id, skill_level) VALUES (35, 16, 'EXPERT');
INSERT INTO job_match.job_forms_skillsets (job_form_id, skill_id, skill_level) VALUES (35, 19, 'NOVICE');
INSERT INTO job_match.job_forms_skillsets (job_form_id, skill_id, skill_level) VALUES (36, 1, 'EXPERT');
INSERT INTO job_match.job_forms_skillsets (job_form_id, skill_id, skill_level) VALUES (36, 3, 'EXPERT');
INSERT INTO job_match.job_forms_skillsets (job_form_id, skill_id, skill_level) VALUES (36, 4, 'EXPERT');
INSERT INTO job_match.job_forms_skillsets (job_form_id, skill_id, skill_level) VALUES (36, 5, 'ADVANCED');
INSERT INTO job_match.job_forms_skillsets (job_form_id, skill_id, skill_level) VALUES (36, 7, 'EXPERT');
INSERT INTO job_match.job_forms_skillsets (job_form_id, skill_id, skill_level) VALUES (36, 12, 'EXPERT');
INSERT INTO job_match.job_forms_skillsets (job_form_id, skill_id, skill_level) VALUES (36, 13, 'INTERMEDIATE');
INSERT INTO job_match.job_forms_skillsets (job_form_id, skill_id, skill_level) VALUES (36, 17, 'EXPERT');
INSERT INTO job_match.job_forms_skillsets (job_form_id, skill_id, skill_level) VALUES (36, 18, 'EXPERT');
INSERT INTO job_match.job_forms_skillsets (job_form_id, skill_id, skill_level) VALUES (36, 20, 'NOVICE');
INSERT INTO job_match.job_forms_skillsets (job_form_id, skill_id, skill_level) VALUES (37, 2, 'EXPERT');
INSERT INTO job_match.job_forms_skillsets (job_form_id, skill_id, skill_level) VALUES (37, 3, 'EXPERT');
INSERT INTO job_match.job_forms_skillsets (job_form_id, skill_id, skill_level) VALUES (37, 6, 'EXPERT');
INSERT INTO job_match.job_forms_skillsets (job_form_id, skill_id, skill_level) VALUES (37, 7, 'ADVANCED');
INSERT INTO job_match.job_forms_skillsets (job_form_id, skill_id, skill_level) VALUES (37, 12, 'EXPERT');
INSERT INTO job_match.job_forms_skillsets (job_form_id, skill_id, skill_level) VALUES (37, 13, 'EXPERT');
INSERT INTO job_match.job_forms_skillsets (job_form_id, skill_id, skill_level) VALUES (37, 14, 'INTERMEDIATE');
INSERT INTO job_match.job_forms_skillsets (job_form_id, skill_id, skill_level) VALUES (37, 16, 'EXPERT');
INSERT INTO job_match.job_forms_skillsets (job_form_id, skill_id, skill_level) VALUES (37, 18, 'EXPERT');
INSERT INTO job_match.job_forms_skillsets (job_form_id, skill_id, skill_level) VALUES (37, 19, 'NOVICE');
INSERT INTO job_match.job_forms_skillsets (job_form_id, skill_id, skill_level) VALUES (38, 1, 'EXPERT');
INSERT INTO job_match.job_forms_skillsets (job_form_id, skill_id, skill_level) VALUES (38, 4, 'EXPERT');
INSERT INTO job_match.job_forms_skillsets (job_form_id, skill_id, skill_level) VALUES (38, 5, 'EXPERT');
INSERT INTO job_match.job_forms_skillsets (job_form_id, skill_id, skill_level) VALUES (38, 8, 'ADVANCED');
INSERT INTO job_match.job_forms_skillsets (job_form_id, skill_id, skill_level) VALUES (38, 9, 'EXPERT');
INSERT INTO job_match.job_forms_skillsets (job_form_id, skill_id, skill_level) VALUES (38, 10, 'EXPERT');
INSERT INTO job_match.job_forms_skillsets (job_form_id, skill_id, skill_level) VALUES (38, 11, 'INTERMEDIATE');
INSERT INTO job_match.job_forms_skillsets (job_form_id, skill_id, skill_level) VALUES (38, 15, 'EXPERT');
INSERT INTO job_match.job_forms_skillsets (job_form_id, skill_id, skill_level) VALUES (38, 17, 'EXPERT');
INSERT INTO job_match.job_forms_skillsets (job_form_id, skill_id, skill_level) VALUES (38, 20, 'NOVICE');
INSERT INTO job_match.job_forms_skillsets (job_form_id, skill_id, skill_level) VALUES (39, 1, 'EXPERT');
INSERT INTO job_match.job_forms_skillsets (job_form_id, skill_id, skill_level) VALUES (39, 2, 'EXPERT');
INSERT INTO job_match.job_forms_skillsets (job_form_id, skill_id, skill_level) VALUES (39, 3, 'EXPERT');
INSERT INTO job_match.job_forms_skillsets (job_form_id, skill_id, skill_level) VALUES (39, 4, 'ADVANCED');
INSERT INTO job_match.job_forms_skillsets (job_form_id, skill_id, skill_level) VALUES (39, 5, 'EXPERT');
INSERT INTO job_match.job_forms_skillsets (job_form_id, skill_id, skill_level) VALUES (39, 7, 'EXPERT');
INSERT INTO job_match.job_forms_skillsets (job_form_id, skill_id, skill_level) VALUES (39, 10, 'INTERMEDIATE');
INSERT INTO job_match.job_forms_skillsets (job_form_id, skill_id, skill_level) VALUES (39, 12, 'EXPERT');
INSERT INTO job_match.job_forms_skillsets (job_form_id, skill_id, skill_level) VALUES (39, 13, 'EXPERT');
INSERT INTO job_match.job_forms_skillsets (job_form_id, skill_id, skill_level) VALUES (39, 19, 'NOVICE');
INSERT INTO job_match.job_forms_skillsets (job_form_id, skill_id, skill_level) VALUES (40, 6, 'EXPERT');
INSERT INTO job_match.job_forms_skillsets (job_form_id, skill_id, skill_level) VALUES (40, 8, 'EXPERT');
INSERT INTO job_match.job_forms_skillsets (job_form_id, skill_id, skill_level) VALUES (40, 9, 'EXPERT');
INSERT INTO job_match.job_forms_skillsets (job_form_id, skill_id, skill_level) VALUES (40, 11, 'ADVANCED');
INSERT INTO job_match.job_forms_skillsets (job_form_id, skill_id, skill_level) VALUES (40, 14, 'EXPERT');
INSERT INTO job_match.job_forms_skillsets (job_form_id, skill_id, skill_level) VALUES (40, 15, 'EXPERT');
INSERT INTO job_match.job_forms_skillsets (job_form_id, skill_id, skill_level) VALUES (40, 16, 'INTERMEDIATE');
INSERT INTO job_match.job_forms_skillsets (job_form_id, skill_id, skill_level) VALUES (40, 17, 'EXPERT');
INSERT INTO job_match.job_forms_skillsets (job_form_id, skill_id, skill_level) VALUES (40, 18, 'EXPERT');
INSERT INTO job_match.job_forms_skillsets (job_form_id, skill_id, skill_level) VALUES (40, 20, 'NOVICE');
INSERT INTO job_match.job_forms_skillsets (job_form_id, skill_id, skill_level) VALUES (41, 1, 'EXPERT');
INSERT INTO job_match.job_forms_skillsets (job_form_id, skill_id, skill_level) VALUES (41, 2, 'EXPERT');
INSERT INTO job_match.job_forms_skillsets (job_form_id, skill_id, skill_level) VALUES (41, 3, 'EXPERT');
INSERT INTO job_match.job_forms_skillsets (job_form_id, skill_id, skill_level) VALUES (41, 6, 'ADVANCED');
INSERT INTO job_match.job_forms_skillsets (job_form_id, skill_id, skill_level) VALUES (41, 7, 'EXPERT');
INSERT INTO job_match.job_forms_skillsets (job_form_id, skill_id, skill_level) VALUES (41, 10, 'EXPERT');
INSERT INTO job_match.job_forms_skillsets (job_form_id, skill_id, skill_level) VALUES (41, 12, 'INTERMEDIATE');
INSERT INTO job_match.job_forms_skillsets (job_form_id, skill_id, skill_level) VALUES (41, 13, 'EXPERT');
INSERT INTO job_match.job_forms_skillsets (job_form_id, skill_id, skill_level) VALUES (41, 14, 'EXPERT');
INSERT INTO job_match.job_forms_skillsets (job_form_id, skill_id, skill_level) VALUES (41, 17, 'NOVICE');
INSERT INTO job_match.job_forms_skillsets (job_form_id, skill_id, skill_level) VALUES (42, 4, 'EXPERT');
INSERT INTO job_match.job_forms_skillsets (job_form_id, skill_id, skill_level) VALUES (42, 5, 'EXPERT');
INSERT INTO job_match.job_forms_skillsets (job_form_id, skill_id, skill_level) VALUES (42, 8, 'EXPERT');
INSERT INTO job_match.job_forms_skillsets (job_form_id, skill_id, skill_level) VALUES (42, 9, 'ADVANCED');
INSERT INTO job_match.job_forms_skillsets (job_form_id, skill_id, skill_level) VALUES (42, 11, 'EXPERT');
INSERT INTO job_match.job_forms_skillsets (job_form_id, skill_id, skill_level) VALUES (42, 15, 'EXPERT');
INSERT INTO job_match.job_forms_skillsets (job_form_id, skill_id, skill_level) VALUES (42, 16, 'INTERMEDIATE');
INSERT INTO job_match.job_forms_skillsets (job_form_id, skill_id, skill_level) VALUES (42, 18, 'EXPERT');
INSERT INTO job_match.job_forms_skillsets (job_form_id, skill_id, skill_level) VALUES (42, 19, 'EXPERT');
INSERT INTO job_match.job_forms_skillsets (job_form_id, skill_id, skill_level) VALUES (42, 20, 'NOVICE');
INSERT INTO job_match.job_forms_skillsets (job_form_id, skill_id, skill_level) VALUES (43, 1, 'EXPERT');
INSERT INTO job_match.job_forms_skillsets (job_form_id, skill_id, skill_level) VALUES (43, 3, 'EXPERT');
INSERT INTO job_match.job_forms_skillsets (job_form_id, skill_id, skill_level) VALUES (43, 6, 'EXPERT');
INSERT INTO job_match.job_forms_skillsets (job_form_id, skill_id, skill_level) VALUES (43, 7, 'ADVANCED');
INSERT INTO job_match.job_forms_skillsets (job_form_id, skill_id, skill_level) VALUES (43, 8, 'EXPERT');
INSERT INTO job_match.job_forms_skillsets (job_form_id, skill_id, skill_level) VALUES (43, 9, 'EXPERT');
INSERT INTO job_match.job_forms_skillsets (job_form_id, skill_id, skill_level) VALUES (43, 10, 'INTERMEDIATE');
INSERT INTO job_match.job_forms_skillsets (job_form_id, skill_id, skill_level) VALUES (43, 16, 'EXPERT');
INSERT INTO job_match.job_forms_skillsets (job_form_id, skill_id, skill_level) VALUES (43, 18, 'EXPERT');
INSERT INTO job_match.job_forms_skillsets (job_form_id, skill_id, skill_level) VALUES (43, 20, 'NOVICE');
INSERT INTO job_match.job_forms_skillsets (job_form_id, skill_id, skill_level) VALUES (44, 2, 'EXPERT');
INSERT INTO job_match.job_forms_skillsets (job_form_id, skill_id, skill_level) VALUES (44, 4, 'EXPERT');
INSERT INTO job_match.job_forms_skillsets (job_form_id, skill_id, skill_level) VALUES (44, 5, 'EXPERT');
INSERT INTO job_match.job_forms_skillsets (job_form_id, skill_id, skill_level) VALUES (44, 11, 'ADVANCED');
INSERT INTO job_match.job_forms_skillsets (job_form_id, skill_id, skill_level) VALUES (44, 12, 'EXPERT');
INSERT INTO job_match.job_forms_skillsets (job_form_id, skill_id, skill_level) VALUES (44, 13, 'EXPERT');
INSERT INTO job_match.job_forms_skillsets (job_form_id, skill_id, skill_level) VALUES (44, 14, 'INTERMEDIATE');
INSERT INTO job_match.job_forms_skillsets (job_form_id, skill_id, skill_level) VALUES (44, 15, 'EXPERT');
INSERT INTO job_match.job_forms_skillsets (job_form_id, skill_id, skill_level) VALUES (44, 17, 'EXPERT');
INSERT INTO job_match.job_forms_skillsets (job_form_id, skill_id, skill_level) VALUES (44, 19, 'NOVICE');
INSERT INTO job_match.job_forms_skillsets (job_form_id, skill_id, skill_level) VALUES (45, 1, 'EXPERT');
INSERT INTO job_match.job_forms_skillsets (job_form_id, skill_id, skill_level) VALUES (45, 2, 'EXPERT');
INSERT INTO job_match.job_forms_skillsets (job_form_id, skill_id, skill_level) VALUES (45, 3, 'EXPERT');
INSERT INTO job_match.job_forms_skillsets (job_form_id, skill_id, skill_level) VALUES (45, 5, 'ADVANCED');
INSERT INTO job_match.job_forms_skillsets (job_form_id, skill_id, skill_level) VALUES (45, 9, 'EXPERT');
INSERT INTO job_match.job_forms_skillsets (job_form_id, skill_id, skill_level) VALUES (45, 11, 'EXPERT');
INSERT INTO job_match.job_forms_skillsets (job_form_id, skill_id, skill_level) VALUES (45, 12, 'INTERMEDIATE');
INSERT INTO job_match.job_forms_skillsets (job_form_id, skill_id, skill_level) VALUES (45, 15, 'EXPERT');
INSERT INTO job_match.job_forms_skillsets (job_form_id, skill_id, skill_level) VALUES (45, 17, 'EXPERT');
INSERT INTO job_match.job_forms_skillsets (job_form_id, skill_id, skill_level) VALUES (45, 18, 'NOVICE');
INSERT INTO job_match.job_forms_skillsets (job_form_id, skill_id, skill_level) VALUES (46, 4, 'EXPERT');
INSERT INTO job_match.job_forms_skillsets (job_form_id, skill_id, skill_level) VALUES (46, 6, 'EXPERT');
INSERT INTO job_match.job_forms_skillsets (job_form_id, skill_id, skill_level) VALUES (46, 7, 'EXPERT');
INSERT INTO job_match.job_forms_skillsets (job_form_id, skill_id, skill_level) VALUES (46, 8, 'ADVANCED');
INSERT INTO job_match.job_forms_skillsets (job_form_id, skill_id, skill_level) VALUES (46, 10, 'EXPERT');
INSERT INTO job_match.job_forms_skillsets (job_form_id, skill_id, skill_level) VALUES (46, 13, 'EXPERT');
INSERT INTO job_match.job_forms_skillsets (job_form_id, skill_id, skill_level) VALUES (46, 14, 'INTERMEDIATE');
INSERT INTO job_match.job_forms_skillsets (job_form_id, skill_id, skill_level) VALUES (46, 16, 'EXPERT');
INSERT INTO job_match.job_forms_skillsets (job_form_id, skill_id, skill_level) VALUES (46, 19, 'EXPERT');
INSERT INTO job_match.job_forms_skillsets (job_form_id, skill_id, skill_level) VALUES (46, 20, 'NOVICE');
INSERT INTO job_match.job_forms_skillsets (job_form_id, skill_id, skill_level) VALUES (47, 5, 'EXPERT');
INSERT INTO job_match.job_forms_skillsets (job_form_id, skill_id, skill_level) VALUES (47, 6, 'EXPERT');
INSERT INTO job_match.job_forms_skillsets (job_form_id, skill_id, skill_level) VALUES (47, 7, 'EXPERT');
INSERT INTO job_match.job_forms_skillsets (job_form_id, skill_id, skill_level) VALUES (47, 9, 'ADVANCED');
INSERT INTO job_match.job_forms_skillsets (job_form_id, skill_id, skill_level) VALUES (47, 11, 'EXPERT');
INSERT INTO job_match.job_forms_skillsets (job_form_id, skill_id, skill_level) VALUES (47, 13, 'EXPERT');
INSERT INTO job_match.job_forms_skillsets (job_form_id, skill_id, skill_level) VALUES (47, 14, 'INTERMEDIATE');
INSERT INTO job_match.job_forms_skillsets (job_form_id, skill_id, skill_level) VALUES (47, 15, 'EXPERT');
INSERT INTO job_match.job_forms_skillsets (job_form_id, skill_id, skill_level) VALUES (47, 16, 'EXPERT');
INSERT INTO job_match.job_forms_skillsets (job_form_id, skill_id, skill_level) VALUES (47, 17, 'NOVICE');
INSERT INTO job_match.job_forms_skillsets (job_form_id, skill_id, skill_level) VALUES (48, 1, 'EXPERT');
INSERT INTO job_match.job_forms_skillsets (job_form_id, skill_id, skill_level) VALUES (48, 2, 'EXPERT');
INSERT INTO job_match.job_forms_skillsets (job_form_id, skill_id, skill_level) VALUES (48, 3, 'EXPERT');
INSERT INTO job_match.job_forms_skillsets (job_form_id, skill_id, skill_level) VALUES (48, 4, 'ADVANCED');
INSERT INTO job_match.job_forms_skillsets (job_form_id, skill_id, skill_level) VALUES (48, 8, 'EXPERT');
INSERT INTO job_match.job_forms_skillsets (job_form_id, skill_id, skill_level) VALUES (48, 10, 'EXPERT');
INSERT INTO job_match.job_forms_skillsets (job_form_id, skill_id, skill_level) VALUES (48, 12, 'INTERMEDIATE');
INSERT INTO job_match.job_forms_skillsets (job_form_id, skill_id, skill_level) VALUES (48, 18, 'EXPERT');
INSERT INTO job_match.job_forms_skillsets (job_form_id, skill_id, skill_level) VALUES (48, 19, 'EXPERT');
INSERT INTO job_match.job_forms_skillsets (job_form_id, skill_id, skill_level) VALUES (48, 20, 'NOVICE');
INSERT INTO job_match.job_forms_skillsets (job_form_id, skill_id, skill_level) VALUES (49, 3, 'EXPERT');
INSERT INTO job_match.job_forms_skillsets (job_form_id, skill_id, skill_level) VALUES (49, 6, 'EXPERT');
INSERT INTO job_match.job_forms_skillsets (job_form_id, skill_id, skill_level) VALUES (49, 8, 'EXPERT');
INSERT INTO job_match.job_forms_skillsets (job_form_id, skill_id, skill_level) VALUES (49, 9, 'ADVANCED');
INSERT INTO job_match.job_forms_skillsets (job_form_id, skill_id, skill_level) VALUES (49, 10, 'EXPERT');
INSERT INTO job_match.job_forms_skillsets (job_form_id, skill_id, skill_level) VALUES (49, 12, 'EXPERT');
INSERT INTO job_match.job_forms_skillsets (job_form_id, skill_id, skill_level) VALUES (49, 13, 'INTERMEDIATE');
INSERT INTO job_match.job_forms_skillsets (job_form_id, skill_id, skill_level) VALUES (49, 15, 'EXPERT');
INSERT INTO job_match.job_forms_skillsets (job_form_id, skill_id, skill_level) VALUES (49, 17, 'EXPERT');
INSERT INTO job_match.job_forms_skillsets (job_form_id, skill_id, skill_level) VALUES (49, 20, 'NOVICE');
INSERT INTO job_match.job_forms_skillsets (job_form_id, skill_id, skill_level) VALUES (50, 1, 'EXPERT');
INSERT INTO job_match.job_forms_skillsets (job_form_id, skill_id, skill_level) VALUES (50, 2, 'EXPERT');
INSERT INTO job_match.job_forms_skillsets (job_form_id, skill_id, skill_level) VALUES (50, 4, 'EXPERT');
INSERT INTO job_match.job_forms_skillsets (job_form_id, skill_id, skill_level) VALUES (50, 5, 'ADVANCED');
INSERT INTO job_match.job_forms_skillsets (job_form_id, skill_id, skill_level) VALUES (50, 7, 'EXPERT');
INSERT INTO job_match.job_forms_skillsets (job_form_id, skill_id, skill_level) VALUES (50, 11, 'EXPERT');
INSERT INTO job_match.job_forms_skillsets (job_form_id, skill_id, skill_level) VALUES (50, 14, 'INTERMEDIATE');
INSERT INTO job_match.job_forms_skillsets (job_form_id, skill_id, skill_level) VALUES (50, 16, 'EXPERT');
INSERT INTO job_match.job_forms_skillsets (job_form_id, skill_id, skill_level) VALUES (50, 18, 'EXPERT');
INSERT INTO job_match.job_forms_skillsets (job_form_id, skill_id, skill_level) VALUES (50, 19, 'NOVICE');
INSERT INTO job_match.job_forms_skillsets (job_form_id, skill_id, skill_level) VALUES (51, 1, 'EXPERT');
INSERT INTO job_match.job_forms_skillsets (job_form_id, skill_id, skill_level) VALUES (51, 2, 'EXPERT');
INSERT INTO job_match.job_forms_skillsets (job_form_id, skill_id, skill_level) VALUES (51, 3, 'EXPERT');
INSERT INTO job_match.job_forms_skillsets (job_form_id, skill_id, skill_level) VALUES (51, 6, 'ADVANCED');
INSERT INTO job_match.job_forms_skillsets (job_form_id, skill_id, skill_level) VALUES (51, 8, 'EXPERT');
INSERT INTO job_match.job_forms_skillsets (job_form_id, skill_id, skill_level) VALUES (51, 10, 'EXPERT');
INSERT INTO job_match.job_forms_skillsets (job_form_id, skill_id, skill_level) VALUES (51, 13, 'INTERMEDIATE');
INSERT INTO job_match.job_forms_skillsets (job_form_id, skill_id, skill_level) VALUES (51, 15, 'EXPERT');
INSERT INTO job_match.job_forms_skillsets (job_form_id, skill_id, skill_level) VALUES (51, 17, 'EXPERT');
INSERT INTO job_match.job_forms_skillsets (job_form_id, skill_id, skill_level) VALUES (51, 20, 'NOVICE');
INSERT INTO job_match.job_forms_skillsets (job_form_id, skill_id, skill_level) VALUES (52, 4, 'EXPERT');
INSERT INTO job_match.job_forms_skillsets (job_form_id, skill_id, skill_level) VALUES (52, 5, 'EXPERT');
INSERT INTO job_match.job_forms_skillsets (job_form_id, skill_id, skill_level) VALUES (52, 7, 'EXPERT');
INSERT INTO job_match.job_forms_skillsets (job_form_id, skill_id, skill_level) VALUES (52, 9, 'ADVANCED');
INSERT INTO job_match.job_forms_skillsets (job_form_id, skill_id, skill_level) VALUES (52, 11, 'EXPERT');
INSERT INTO job_match.job_forms_skillsets (job_form_id, skill_id, skill_level) VALUES (52, 12, 'EXPERT');
INSERT INTO job_match.job_forms_skillsets (job_form_id, skill_id, skill_level) VALUES (52, 14, 'INTERMEDIATE');
INSERT INTO job_match.job_forms_skillsets (job_form_id, skill_id, skill_level) VALUES (52, 16, 'EXPERT');
INSERT INTO job_match.job_forms_skillsets (job_form_id, skill_id, skill_level) VALUES (52, 18, 'EXPERT');
INSERT INTO job_match.job_forms_skillsets (job_form_id, skill_id, skill_level) VALUES (52, 19, 'NOVICE');
INSERT INTO job_match.job_forms_skillsets (job_form_id, skill_id, skill_level) VALUES (53, 4, 'EXPERT');
INSERT INTO job_match.job_forms_skillsets (job_form_id, skill_id, skill_level) VALUES (53, 5, 'EXPERT');
INSERT INTO job_match.job_forms_skillsets (job_form_id, skill_id, skill_level) VALUES (53, 6, 'EXPERT');
INSERT INTO job_match.job_forms_skillsets (job_form_id, skill_id, skill_level) VALUES (53, 9, 'ADVANCED');
INSERT INTO job_match.job_forms_skillsets (job_form_id, skill_id, skill_level) VALUES (53, 10, 'EXPERT');
INSERT INTO job_match.job_forms_skillsets (job_form_id, skill_id, skill_level) VALUES (53, 11, 'EXPERT');
INSERT INTO job_match.job_forms_skillsets (job_form_id, skill_id, skill_level) VALUES (53, 12, 'INTERMEDIATE');
INSERT INTO job_match.job_forms_skillsets (job_form_id, skill_id, skill_level) VALUES (53, 16, 'EXPERT');
INSERT INTO job_match.job_forms_skillsets (job_form_id, skill_id, skill_level) VALUES (53, 19, 'EXPERT');
INSERT INTO job_match.job_forms_skillsets (job_form_id, skill_id, skill_level) VALUES (53, 20, 'NOVICE');
INSERT INTO job_match.job_forms_skillsets (job_form_id, skill_id, skill_level) VALUES (54, 1, 'EXPERT');
INSERT INTO job_match.job_forms_skillsets (job_form_id, skill_id, skill_level) VALUES (54, 2, 'EXPERT');
INSERT INTO job_match.job_forms_skillsets (job_form_id, skill_id, skill_level) VALUES (54, 3, 'EXPERT');
INSERT INTO job_match.job_forms_skillsets (job_form_id, skill_id, skill_level) VALUES (54, 7, 'ADVANCED');
INSERT INTO job_match.job_forms_skillsets (job_form_id, skill_id, skill_level) VALUES (54, 8, 'EXPERT');
INSERT INTO job_match.job_forms_skillsets (job_form_id, skill_id, skill_level) VALUES (54, 13, 'EXPERT');
INSERT INTO job_match.job_forms_skillsets (job_form_id, skill_id, skill_level) VALUES (54, 14, 'INTERMEDIATE');
INSERT INTO job_match.job_forms_skillsets (job_form_id, skill_id, skill_level) VALUES (54, 15, 'EXPERT');
INSERT INTO job_match.job_forms_skillsets (job_form_id, skill_id, skill_level) VALUES (54, 17, 'EXPERT');
INSERT INTO job_match.job_forms_skillsets (job_form_id, skill_id, skill_level) VALUES (54, 18, 'NOVICE');
INSERT INTO job_match.job_forms_skillsets (job_form_id, skill_id, skill_level) VALUES (55, 1, 'EXPERT');
INSERT INTO job_match.job_forms_skillsets (job_form_id, skill_id, skill_level) VALUES (55, 4, 'EXPERT');
INSERT INTO job_match.job_forms_skillsets (job_form_id, skill_id, skill_level) VALUES (55, 5, 'EXPERT');
INSERT INTO job_match.job_forms_skillsets (job_form_id, skill_id, skill_level) VALUES (55, 6, 'ADVANCED');
INSERT INTO job_match.job_forms_skillsets (job_form_id, skill_id, skill_level) VALUES (55, 9, 'EXPERT');
INSERT INTO job_match.job_forms_skillsets (job_form_id, skill_id, skill_level) VALUES (55, 11, 'EXPERT');
INSERT INTO job_match.job_forms_skillsets (job_form_id, skill_id, skill_level) VALUES (55, 12, 'INTERMEDIATE');
INSERT INTO job_match.job_forms_skillsets (job_form_id, skill_id, skill_level) VALUES (55, 13, 'EXPERT');
INSERT INTO job_match.job_forms_skillsets (job_form_id, skill_id, skill_level) VALUES (55, 18, 'EXPERT');
INSERT INTO job_match.job_forms_skillsets (job_form_id, skill_id, skill_level) VALUES (55, 20, 'NOVICE');
INSERT INTO job_match.job_forms_skillsets (job_form_id, skill_id, skill_level) VALUES (56, 1, 'EXPERT');
INSERT INTO job_match.job_forms_skillsets (job_form_id, skill_id, skill_level) VALUES (56, 2, 'EXPERT');
INSERT INTO job_match.job_forms_skillsets (job_form_id, skill_id, skill_level) VALUES (56, 3, 'EXPERT');
INSERT INTO job_match.job_forms_skillsets (job_form_id, skill_id, skill_level) VALUES (56, 7, 'ADVANCED');
INSERT INTO job_match.job_forms_skillsets (job_form_id, skill_id, skill_level) VALUES (56, 8, 'EXPERT');
INSERT INTO job_match.job_forms_skillsets (job_form_id, skill_id, skill_level) VALUES (56, 10, 'EXPERT');
INSERT INTO job_match.job_forms_skillsets (job_form_id, skill_id, skill_level) VALUES (56, 14, 'INTERMEDIATE');
INSERT INTO job_match.job_forms_skillsets (job_form_id, skill_id, skill_level) VALUES (56, 15, 'EXPERT');
INSERT INTO job_match.job_forms_skillsets (job_form_id, skill_id, skill_level) VALUES (56, 16, 'EXPERT');
INSERT INTO job_match.job_forms_skillsets (job_form_id, skill_id, skill_level) VALUES (56, 17, 'NOVICE');
INSERT INTO job_match.job_forms_skillsets (job_form_id, skill_id, skill_level) VALUES (57, 1, 'EXPERT');
INSERT INTO job_match.job_forms_skillsets (job_form_id, skill_id, skill_level) VALUES (57, 2, 'EXPERT');
INSERT INTO job_match.job_forms_skillsets (job_form_id, skill_id, skill_level) VALUES (57, 3, 'EXPERT');
INSERT INTO job_match.job_forms_skillsets (job_form_id, skill_id, skill_level) VALUES (57, 5, 'ADVANCED');
INSERT INTO job_match.job_forms_skillsets (job_form_id, skill_id, skill_level) VALUES (57, 6, 'EXPERT');
INSERT INTO job_match.job_forms_skillsets (job_form_id, skill_id, skill_level) VALUES (57, 8, 'EXPERT');
INSERT INTO job_match.job_forms_skillsets (job_form_id, skill_id, skill_level) VALUES (57, 10, 'INTERMEDIATE');
INSERT INTO job_match.job_forms_skillsets (job_form_id, skill_id, skill_level) VALUES (57, 13, 'EXPERT');
INSERT INTO job_match.job_forms_skillsets (job_form_id, skill_id, skill_level) VALUES (57, 15, 'EXPERT');
INSERT INTO job_match.job_forms_skillsets (job_form_id, skill_id, skill_level) VALUES (57, 19, 'NOVICE');
INSERT INTO job_match.job_forms_skillsets (job_form_id, skill_id, skill_level) VALUES (58, 4, 'EXPERT');
INSERT INTO job_match.job_forms_skillsets (job_form_id, skill_id, skill_level) VALUES (58, 9, 'EXPERT');
INSERT INTO job_match.job_forms_skillsets (job_form_id, skill_id, skill_level) VALUES (58, 11, 'EXPERT');
INSERT INTO job_match.job_forms_skillsets (job_form_id, skill_id, skill_level) VALUES (58, 12, 'ADVANCED');
INSERT INTO job_match.job_forms_skillsets (job_form_id, skill_id, skill_level) VALUES (58, 14, 'EXPERT');
INSERT INTO job_match.job_forms_skillsets (job_form_id, skill_id, skill_level) VALUES (58, 16, 'EXPERT');
INSERT INTO job_match.job_forms_skillsets (job_form_id, skill_id, skill_level) VALUES (58, 17, 'INTERMEDIATE');
INSERT INTO job_match.job_forms_skillsets (job_form_id, skill_id, skill_level) VALUES (58, 18, 'EXPERT');
INSERT INTO job_match.job_forms_skillsets (job_form_id, skill_id, skill_level) VALUES (58, 19, 'EXPERT');
INSERT INTO job_match.job_forms_skillsets (job_form_id, skill_id, skill_level) VALUES (58, 20, 'NOVICE');
INSERT INTO job_match.job_forms_skillsets (job_form_id, skill_id, skill_level) VALUES (59, 1, 'EXPERT');
INSERT INTO job_match.job_forms_skillsets (job_form_id, skill_id, skill_level) VALUES (59, 2, 'EXPERT');
INSERT INTO job_match.job_forms_skillsets (job_form_id, skill_id, skill_level) VALUES (59, 3, 'EXPERT');
INSERT INTO job_match.job_forms_skillsets (job_form_id, skill_id, skill_level) VALUES (59, 5, 'ADVANCED');
INSERT INTO job_match.job_forms_skillsets (job_form_id, skill_id, skill_level) VALUES (59, 6, 'EXPERT');
INSERT INTO job_match.job_forms_skillsets (job_form_id, skill_id, skill_level) VALUES (59, 7, 'EXPERT');
INSERT INTO job_match.job_forms_skillsets (job_form_id, skill_id, skill_level) VALUES (59, 8, 'INTERMEDIATE');
INSERT INTO job_match.job_forms_skillsets (job_form_id, skill_id, skill_level) VALUES (59, 11, 'EXPERT');
INSERT INTO job_match.job_forms_skillsets (job_form_id, skill_id, skill_level) VALUES (59, 17, 'EXPERT');
INSERT INTO job_match.job_forms_skillsets (job_form_id, skill_id, skill_level) VALUES (59, 19, 'NOVICE');
INSERT INTO job_match.job_forms_skillsets (job_form_id, skill_id, skill_level) VALUES (60, 4, 'EXPERT');
INSERT INTO job_match.job_forms_skillsets (job_form_id, skill_id, skill_level) VALUES (60, 9, 'EXPERT');
INSERT INTO job_match.job_forms_skillsets (job_form_id, skill_id, skill_level) VALUES (60, 10, 'EXPERT');
INSERT INTO job_match.job_forms_skillsets (job_form_id, skill_id, skill_level) VALUES (60, 12, 'ADVANCED');
INSERT INTO job_match.job_forms_skillsets (job_form_id, skill_id, skill_level) VALUES (60, 13, 'EXPERT');
INSERT INTO job_match.job_forms_skillsets (job_form_id, skill_id, skill_level) VALUES (60, 14, 'EXPERT');
INSERT INTO job_match.job_forms_skillsets (job_form_id, skill_id, skill_level) VALUES (60, 15, 'INTERMEDIATE');
INSERT INTO job_match.job_forms_skillsets (job_form_id, skill_id, skill_level) VALUES (60, 16, 'EXPERT');
INSERT INTO job_match.job_forms_skillsets (job_form_id, skill_id, skill_level) VALUES (60, 18, 'EXPERT');
INSERT INTO job_match.job_forms_skillsets (job_form_id, skill_id, skill_level) VALUES (60, 20, 'NOVICE');
INSERT INTO job_match.job_forms_skillsets (job_form_id, skill_id, skill_level) VALUES (61, 2, 'EXPERT');
INSERT INTO job_match.job_forms_skillsets (job_form_id, skill_id, skill_level) VALUES (61, 3, 'EXPERT');
INSERT INTO job_match.job_forms_skillsets (job_form_id, skill_id, skill_level) VALUES (61, 6, 'EXPERT');
INSERT INTO job_match.job_forms_skillsets (job_form_id, skill_id, skill_level) VALUES (61, 7, 'ADVANCED');
INSERT INTO job_match.job_forms_skillsets (job_form_id, skill_id, skill_level) VALUES (61, 9, 'EXPERT');
INSERT INTO job_match.job_forms_skillsets (job_form_id, skill_id, skill_level) VALUES (61, 10, 'EXPERT');
INSERT INTO job_match.job_forms_skillsets (job_form_id, skill_id, skill_level) VALUES (61, 11, 'INTERMEDIATE');
INSERT INTO job_match.job_forms_skillsets (job_form_id, skill_id, skill_level) VALUES (61, 14, 'EXPERT');
INSERT INTO job_match.job_forms_skillsets (job_form_id, skill_id, skill_level) VALUES (61, 16, 'EXPERT');
INSERT INTO job_match.job_forms_skillsets (job_form_id, skill_id, skill_level) VALUES (61, 19, 'NOVICE');
INSERT INTO job_match.job_forms_skillsets (job_form_id, skill_id, skill_level) VALUES (62, 1, 'EXPERT');
INSERT INTO job_match.job_forms_skillsets (job_form_id, skill_id, skill_level) VALUES (62, 4, 'EXPERT');
INSERT INTO job_match.job_forms_skillsets (job_form_id, skill_id, skill_level) VALUES (62, 5, 'EXPERT');
INSERT INTO job_match.job_forms_skillsets (job_form_id, skill_id, skill_level) VALUES (62, 8, 'ADVANCED');
INSERT INTO job_match.job_forms_skillsets (job_form_id, skill_id, skill_level) VALUES (62, 12, 'EXPERT');
INSERT INTO job_match.job_forms_skillsets (job_form_id, skill_id, skill_level) VALUES (62, 13, 'EXPERT');
INSERT INTO job_match.job_forms_skillsets (job_form_id, skill_id, skill_level) VALUES (62, 15, 'INTERMEDIATE');
INSERT INTO job_match.job_forms_skillsets (job_form_id, skill_id, skill_level) VALUES (62, 17, 'EXPERT');
INSERT INTO job_match.job_forms_skillsets (job_form_id, skill_id, skill_level) VALUES (62, 18, 'EXPERT');
INSERT INTO job_match.job_forms_skillsets (job_form_id, skill_id, skill_level) VALUES (62, 20, 'NOVICE');
INSERT INTO job_match.job_forms_skillsets (job_form_id, skill_id, skill_level) VALUES (63, 2, 'EXPERT');
INSERT INTO job_match.job_forms_skillsets (job_form_id, skill_id, skill_level) VALUES (63, 3, 'EXPERT');
INSERT INTO job_match.job_forms_skillsets (job_form_id, skill_id, skill_level) VALUES (63, 7, 'EXPERT');
INSERT INTO job_match.job_forms_skillsets (job_form_id, skill_id, skill_level) VALUES (63, 9, 'ADVANCED');
INSERT INTO job_match.job_forms_skillsets (job_form_id, skill_id, skill_level) VALUES (63, 11, 'EXPERT');
INSERT INTO job_match.job_forms_skillsets (job_form_id, skill_id, skill_level) VALUES (63, 12, 'EXPERT');
INSERT INTO job_match.job_forms_skillsets (job_form_id, skill_id, skill_level) VALUES (63, 13, 'INTERMEDIATE');
INSERT INTO job_match.job_forms_skillsets (job_form_id, skill_id, skill_level) VALUES (63, 14, 'EXPERT');
INSERT INTO job_match.job_forms_skillsets (job_form_id, skill_id, skill_level) VALUES (63, 17, 'EXPERT');
INSERT INTO job_match.job_forms_skillsets (job_form_id, skill_id, skill_level) VALUES (63, 18, 'NOVICE');
INSERT INTO job_match.job_forms_skillsets (job_form_id, skill_id, skill_level) VALUES (64, 1, 'EXPERT');
INSERT INTO job_match.job_forms_skillsets (job_form_id, skill_id, skill_level) VALUES (64, 4, 'EXPERT');
INSERT INTO job_match.job_forms_skillsets (job_form_id, skill_id, skill_level) VALUES (64, 5, 'EXPERT');
INSERT INTO job_match.job_forms_skillsets (job_form_id, skill_id, skill_level) VALUES (64, 6, 'ADVANCED');
INSERT INTO job_match.job_forms_skillsets (job_form_id, skill_id, skill_level) VALUES (64, 8, 'EXPERT');
INSERT INTO job_match.job_forms_skillsets (job_form_id, skill_id, skill_level) VALUES (64, 10, 'EXPERT');
INSERT INTO job_match.job_forms_skillsets (job_form_id, skill_id, skill_level) VALUES (64, 15, 'INTERMEDIATE');
INSERT INTO job_match.job_forms_skillsets (job_form_id, skill_id, skill_level) VALUES (64, 16, 'EXPERT');
INSERT INTO job_match.job_forms_skillsets (job_form_id, skill_id, skill_level) VALUES (64, 19, 'EXPERT');
INSERT INTO job_match.job_forms_skillsets (job_form_id, skill_id, skill_level) VALUES (64, 20, 'NOVICE');
INSERT INTO job_match.job_forms_skillsets (job_form_id, skill_id, skill_level) VALUES (65, 3, 'EXPERT');
INSERT INTO job_match.job_forms_skillsets (job_form_id, skill_id, skill_level) VALUES (65, 6, 'EXPERT');
INSERT INTO job_match.job_forms_skillsets (job_form_id, skill_id, skill_level) VALUES (65, 8, 'EXPERT');
INSERT INTO job_match.job_forms_skillsets (job_form_id, skill_id, skill_level) VALUES (65, 9, 'ADVANCED');
INSERT INTO job_match.job_forms_skillsets (job_form_id, skill_id, skill_level) VALUES (65, 10, 'EXPERT');
INSERT INTO job_match.job_forms_skillsets (job_form_id, skill_id, skill_level) VALUES (65, 11, 'EXPERT');
INSERT INTO job_match.job_forms_skillsets (job_form_id, skill_id, skill_level) VALUES (65, 13, 'INTERMEDIATE');
INSERT INTO job_match.job_forms_skillsets (job_form_id, skill_id, skill_level) VALUES (65, 14, 'EXPERT');
INSERT INTO job_match.job_forms_skillsets (job_form_id, skill_id, skill_level) VALUES (65, 16, 'EXPERT');
INSERT INTO job_match.job_forms_skillsets (job_form_id, skill_id, skill_level) VALUES (65, 20, 'NOVICE');
INSERT INTO job_match.job_forms_skillsets (job_form_id, skill_id, skill_level) VALUES (66, 1, 'EXPERT');
INSERT INTO job_match.job_forms_skillsets (job_form_id, skill_id, skill_level) VALUES (66, 2, 'EXPERT');
INSERT INTO job_match.job_forms_skillsets (job_form_id, skill_id, skill_level) VALUES (66, 4, 'EXPERT');
INSERT INTO job_match.job_forms_skillsets (job_form_id, skill_id, skill_level) VALUES (66, 5, 'ADVANCED');
INSERT INTO job_match.job_forms_skillsets (job_form_id, skill_id, skill_level) VALUES (66, 7, 'EXPERT');
INSERT INTO job_match.job_forms_skillsets (job_form_id, skill_id, skill_level) VALUES (66, 12, 'EXPERT');
INSERT INTO job_match.job_forms_skillsets (job_form_id, skill_id, skill_level) VALUES (66, 15, 'INTERMEDIATE');
INSERT INTO job_match.job_forms_skillsets (job_form_id, skill_id, skill_level) VALUES (66, 17, 'EXPERT');
INSERT INTO job_match.job_forms_skillsets (job_form_id, skill_id, skill_level) VALUES (66, 18, 'EXPERT');
INSERT INTO job_match.job_forms_skillsets (job_form_id, skill_id, skill_level) VALUES (66, 19, 'NOVICE');
INSERT INTO job_match.job_forms_skillsets (job_form_id, skill_id, skill_level) VALUES (67, 3, 'EXPERT');
INSERT INTO job_match.job_forms_skillsets (job_form_id, skill_id, skill_level) VALUES (67, 5, 'EXPERT');
INSERT INTO job_match.job_forms_skillsets (job_form_id, skill_id, skill_level) VALUES (67, 7, 'EXPERT');
INSERT INTO job_match.job_forms_skillsets (job_form_id, skill_id, skill_level) VALUES (67, 8, 'ADVANCED');
INSERT INTO job_match.job_forms_skillsets (job_form_id, skill_id, skill_level) VALUES (67, 9, 'EXPERT');
INSERT INTO job_match.job_forms_skillsets (job_form_id, skill_id, skill_level) VALUES (67, 10, 'EXPERT');
INSERT INTO job_match.job_forms_skillsets (job_form_id, skill_id, skill_level) VALUES (67, 12, 'INTERMEDIATE');
INSERT INTO job_match.job_forms_skillsets (job_form_id, skill_id, skill_level) VALUES (67, 14, 'EXPERT');
INSERT INTO job_match.job_forms_skillsets (job_form_id, skill_id, skill_level) VALUES (67, 15, 'EXPERT');
INSERT INTO job_match.job_forms_skillsets (job_form_id, skill_id, skill_level) VALUES (67, 18, 'NOVICE');
INSERT INTO job_match.job_forms_skillsets (job_form_id, skill_id, skill_level) VALUES (68, 1, 'EXPERT');
INSERT INTO job_match.job_forms_skillsets (job_form_id, skill_id, skill_level) VALUES (68, 2, 'EXPERT');
INSERT INTO job_match.job_forms_skillsets (job_form_id, skill_id, skill_level) VALUES (68, 4, 'EXPERT');
INSERT INTO job_match.job_forms_skillsets (job_form_id, skill_id, skill_level) VALUES (68, 6, 'ADVANCED');
INSERT INTO job_match.job_forms_skillsets (job_form_id, skill_id, skill_level) VALUES (68, 11, 'EXPERT');
INSERT INTO job_match.job_forms_skillsets (job_form_id, skill_id, skill_level) VALUES (68, 13, 'EXPERT');
INSERT INTO job_match.job_forms_skillsets (job_form_id, skill_id, skill_level) VALUES (68, 16, 'INTERMEDIATE');
INSERT INTO job_match.job_forms_skillsets (job_form_id, skill_id, skill_level) VALUES (68, 17, 'EXPERT');
INSERT INTO job_match.job_forms_skillsets (job_form_id, skill_id, skill_level) VALUES (68, 19, 'EXPERT');
INSERT INTO job_match.job_forms_skillsets (job_form_id, skill_id, skill_level) VALUES (68, 20, 'NOVICE');
INSERT INTO job_match.job_forms_skillsets (job_form_id, skill_id, skill_level) VALUES (69, 1, 'EXPERT');
INSERT INTO job_match.job_forms_skillsets (job_form_id, skill_id, skill_level) VALUES (69, 2, 'EXPERT');
INSERT INTO job_match.job_forms_skillsets (job_form_id, skill_id, skill_level) VALUES (69, 5, 'EXPERT');
INSERT INTO job_match.job_forms_skillsets (job_form_id, skill_id, skill_level) VALUES (69, 6, 'ADVANCED');
INSERT INTO job_match.job_forms_skillsets (job_form_id, skill_id, skill_level) VALUES (69, 10, 'EXPERT');
INSERT INTO job_match.job_forms_skillsets (job_form_id, skill_id, skill_level) VALUES (69, 12, 'EXPERT');
INSERT INTO job_match.job_forms_skillsets (job_form_id, skill_id, skill_level) VALUES (69, 15, 'INTERMEDIATE');
INSERT INTO job_match.job_forms_skillsets (job_form_id, skill_id, skill_level) VALUES (69, 16, 'EXPERT');
INSERT INTO job_match.job_forms_skillsets (job_form_id, skill_id, skill_level) VALUES (69, 19, 'EXPERT');
INSERT INTO job_match.job_forms_skillsets (job_form_id, skill_id, skill_level) VALUES (69, 20, 'NOVICE');
INSERT INTO job_match.job_forms_skillsets (job_form_id, skill_id, skill_level) VALUES (70, 3, 'EXPERT');
INSERT INTO job_match.job_forms_skillsets (job_form_id, skill_id, skill_level) VALUES (70, 4, 'EXPERT');
INSERT INTO job_match.job_forms_skillsets (job_form_id, skill_id, skill_level) VALUES (70, 7, 'EXPERT');
INSERT INTO job_match.job_forms_skillsets (job_form_id, skill_id, skill_level) VALUES (70, 8, 'ADVANCED');
INSERT INTO job_match.job_forms_skillsets (job_form_id, skill_id, skill_level) VALUES (70, 9, 'EXPERT');
INSERT INTO job_match.job_forms_skillsets (job_form_id, skill_id, skill_level) VALUES (70, 11, 'EXPERT');
INSERT INTO job_match.job_forms_skillsets (job_form_id, skill_id, skill_level) VALUES (70, 13, 'INTERMEDIATE');
INSERT INTO job_match.job_forms_skillsets (job_form_id, skill_id, skill_level) VALUES (70, 14, 'EXPERT');
INSERT INTO job_match.job_forms_skillsets (job_form_id, skill_id, skill_level) VALUES (70, 17, 'EXPERT');
INSERT INTO job_match.job_forms_skillsets (job_form_id, skill_id, skill_level) VALUES (70, 18, 'NOVICE');
INSERT INTO job_match.job_forms_skillsets (job_form_id, skill_id, skill_level) VALUES (71, 3, 'EXPERT');
INSERT INTO job_match.job_forms_skillsets (job_form_id, skill_id, skill_level) VALUES (71, 5, 'EXPERT');
INSERT INTO job_match.job_forms_skillsets (job_form_id, skill_id, skill_level) VALUES (71, 6, 'EXPERT');
INSERT INTO job_match.job_forms_skillsets (job_form_id, skill_id, skill_level) VALUES (71, 7, 'ADVANCED');
INSERT INTO job_match.job_forms_skillsets (job_form_id, skill_id, skill_level) VALUES (71, 8, 'EXPERT');
INSERT INTO job_match.job_forms_skillsets (job_form_id, skill_id, skill_level) VALUES (71, 9, 'EXPERT');
INSERT INTO job_match.job_forms_skillsets (job_form_id, skill_id, skill_level) VALUES (71, 10, 'INTERMEDIATE');
INSERT INTO job_match.job_forms_skillsets (job_form_id, skill_id, skill_level) VALUES (71, 11, 'EXPERT');
INSERT INTO job_match.job_forms_skillsets (job_form_id, skill_id, skill_level) VALUES (71, 17, 'EXPERT');
INSERT INTO job_match.job_forms_skillsets (job_form_id, skill_id, skill_level) VALUES (71, 19, 'NOVICE');
INSERT INTO job_match.job_forms_skillsets (job_form_id, skill_id, skill_level) VALUES (72, 1, 'EXPERT');
INSERT INTO job_match.job_forms_skillsets (job_form_id, skill_id, skill_level) VALUES (72, 2, 'EXPERT');
INSERT INTO job_match.job_forms_skillsets (job_form_id, skill_id, skill_level) VALUES (72, 4, 'EXPERT');
INSERT INTO job_match.job_forms_skillsets (job_form_id, skill_id, skill_level) VALUES (72, 12, 'ADVANCED');
INSERT INTO job_match.job_forms_skillsets (job_form_id, skill_id, skill_level) VALUES (72, 13, 'EXPERT');
INSERT INTO job_match.job_forms_skillsets (job_form_id, skill_id, skill_level) VALUES (72, 14, 'EXPERT');
INSERT INTO job_match.job_forms_skillsets (job_form_id, skill_id, skill_level) VALUES (72, 15, 'INTERMEDIATE');
INSERT INTO job_match.job_forms_skillsets (job_form_id, skill_id, skill_level) VALUES (72, 16, 'EXPERT');
INSERT INTO job_match.job_forms_skillsets (job_form_id, skill_id, skill_level) VALUES (72, 18, 'EXPERT');
INSERT INTO job_match.job_forms_skillsets (job_form_id, skill_id, skill_level) VALUES (72, 20, 'NOVICE');
INSERT INTO job_match.job_forms_skillsets (job_form_id, skill_id, skill_level) VALUES (73, 1, 'EXPERT');
INSERT INTO job_match.job_forms_skillsets (job_form_id, skill_id, skill_level) VALUES (73, 2, 'EXPERT');
INSERT INTO job_match.job_forms_skillsets (job_form_id, skill_id, skill_level) VALUES (73, 3, 'EXPERT');
INSERT INTO job_match.job_forms_skillsets (job_form_id, skill_id, skill_level) VALUES (73, 4, 'ADVANCED');
INSERT INTO job_match.job_forms_skillsets (job_form_id, skill_id, skill_level) VALUES (73, 10, 'EXPERT');
INSERT INTO job_match.job_forms_skillsets (job_form_id, skill_id, skill_level) VALUES (73, 13, 'EXPERT');
INSERT INTO job_match.job_forms_skillsets (job_form_id, skill_id, skill_level) VALUES (73, 15, 'INTERMEDIATE');
INSERT INTO job_match.job_forms_skillsets (job_form_id, skill_id, skill_level) VALUES (73, 18, 'EXPERT');
INSERT INTO job_match.job_forms_skillsets (job_form_id, skill_id, skill_level) VALUES (73, 19, 'EXPERT');
INSERT INTO job_match.job_forms_skillsets (job_form_id, skill_id, skill_level) VALUES (73, 20, 'NOVICE');
INSERT INTO job_match.job_forms_skillsets (job_form_id, skill_id, skill_level) VALUES (74, 5, 'EXPERT');
INSERT INTO job_match.job_forms_skillsets (job_form_id, skill_id, skill_level) VALUES (74, 6, 'EXPERT');
INSERT INTO job_match.job_forms_skillsets (job_form_id, skill_id, skill_level) VALUES (74, 7, 'EXPERT');
INSERT INTO job_match.job_forms_skillsets (job_form_id, skill_id, skill_level) VALUES (74, 8, 'ADVANCED');
INSERT INTO job_match.job_forms_skillsets (job_form_id, skill_id, skill_level) VALUES (74, 9, 'EXPERT');
INSERT INTO job_match.job_forms_skillsets (job_form_id, skill_id, skill_level) VALUES (74, 11, 'EXPERT');
INSERT INTO job_match.job_forms_skillsets (job_form_id, skill_id, skill_level) VALUES (74, 12, 'INTERMEDIATE');
INSERT INTO job_match.job_forms_skillsets (job_form_id, skill_id, skill_level) VALUES (74, 14, 'EXPERT');
INSERT INTO job_match.job_forms_skillsets (job_form_id, skill_id, skill_level) VALUES (74, 16, 'EXPERT');
INSERT INTO job_match.job_forms_skillsets (job_form_id, skill_id, skill_level) VALUES (74, 17, 'NOVICE');
INSERT INTO job_match.job_forms_skillsets (job_form_id, skill_id, skill_level) VALUES (75, 1, 'EXPERT');
INSERT INTO job_match.job_forms_skillsets (job_form_id, skill_id, skill_level) VALUES (75, 4, 'EXPERT');
INSERT INTO job_match.job_forms_skillsets (job_form_id, skill_id, skill_level) VALUES (75, 7, 'EXPERT');
INSERT INTO job_match.job_forms_skillsets (job_form_id, skill_id, skill_level) VALUES (75, 8, 'ADVANCED');
INSERT INTO job_match.job_forms_skillsets (job_form_id, skill_id, skill_level) VALUES (75, 12, 'EXPERT');
INSERT INTO job_match.job_forms_skillsets (job_form_id, skill_id, skill_level) VALUES (75, 14, 'EXPERT');
INSERT INTO job_match.job_forms_skillsets (job_form_id, skill_id, skill_level) VALUES (75, 15, 'INTERMEDIATE');
INSERT INTO job_match.job_forms_skillsets (job_form_id, skill_id, skill_level) VALUES (75, 16, 'EXPERT');
INSERT INTO job_match.job_forms_skillsets (job_form_id, skill_id, skill_level) VALUES (75, 17, 'EXPERT');
INSERT INTO job_match.job_forms_skillsets (job_form_id, skill_id, skill_level) VALUES (75, 18, 'NOVICE');
INSERT INTO job_match.job_forms_skillsets (job_form_id, skill_id, skill_level) VALUES (76, 2, 'EXPERT');
INSERT INTO job_match.job_forms_skillsets (job_form_id, skill_id, skill_level) VALUES (76, 3, 'EXPERT');
INSERT INTO job_match.job_forms_skillsets (job_form_id, skill_id, skill_level) VALUES (76, 5, 'EXPERT');
INSERT INTO job_match.job_forms_skillsets (job_form_id, skill_id, skill_level) VALUES (76, 6, 'ADVANCED');
INSERT INTO job_match.job_forms_skillsets (job_form_id, skill_id, skill_level) VALUES (76, 9, 'EXPERT');
INSERT INTO job_match.job_forms_skillsets (job_form_id, skill_id, skill_level) VALUES (76, 10, 'EXPERT');
INSERT INTO job_match.job_forms_skillsets (job_form_id, skill_id, skill_level) VALUES (76, 11, 'INTERMEDIATE');
INSERT INTO job_match.job_forms_skillsets (job_form_id, skill_id, skill_level) VALUES (76, 13, 'EXPERT');
INSERT INTO job_match.job_forms_skillsets (job_form_id, skill_id, skill_level) VALUES (76, 19, 'EXPERT');
INSERT INTO job_match.job_forms_skillsets (job_form_id, skill_id, skill_level) VALUES (76, 20, 'NOVICE');
INSERT INTO job_match.job_forms_skillsets (job_form_id, skill_id, skill_level) VALUES (77, 2, 'EXPERT');
INSERT INTO job_match.job_forms_skillsets (job_form_id, skill_id, skill_level) VALUES (77, 5, 'EXPERT');
INSERT INTO job_match.job_forms_skillsets (job_form_id, skill_id, skill_level) VALUES (77, 7, 'EXPERT');
INSERT INTO job_match.job_forms_skillsets (job_form_id, skill_id, skill_level) VALUES (77, 8, 'ADVANCED');
INSERT INTO job_match.job_forms_skillsets (job_form_id, skill_id, skill_level) VALUES (77, 10, 'EXPERT');
INSERT INTO job_match.job_forms_skillsets (job_form_id, skill_id, skill_level) VALUES (77, 12, 'EXPERT');
INSERT INTO job_match.job_forms_skillsets (job_form_id, skill_id, skill_level) VALUES (77, 13, 'INTERMEDIATE');
INSERT INTO job_match.job_forms_skillsets (job_form_id, skill_id, skill_level) VALUES (77, 14, 'EXPERT');
INSERT INTO job_match.job_forms_skillsets (job_form_id, skill_id, skill_level) VALUES (77, 16, 'EXPERT');
INSERT INTO job_match.job_forms_skillsets (job_form_id, skill_id, skill_level) VALUES (77, 18, 'NOVICE');
INSERT INTO job_match.job_forms_skillsets (job_form_id, skill_id, skill_level) VALUES (78, 1, 'EXPERT');
INSERT INTO job_match.job_forms_skillsets (job_form_id, skill_id, skill_level) VALUES (78, 3, 'EXPERT');
INSERT INTO job_match.job_forms_skillsets (job_form_id, skill_id, skill_level) VALUES (78, 4, 'EXPERT');
INSERT INTO job_match.job_forms_skillsets (job_form_id, skill_id, skill_level) VALUES (78, 6, 'ADVANCED');
INSERT INTO job_match.job_forms_skillsets (job_form_id, skill_id, skill_level) VALUES (78, 9, 'EXPERT');
INSERT INTO job_match.job_forms_skillsets (job_form_id, skill_id, skill_level) VALUES (78, 11, 'EXPERT');
INSERT INTO job_match.job_forms_skillsets (job_form_id, skill_id, skill_level) VALUES (78, 15, 'INTERMEDIATE');
INSERT INTO job_match.job_forms_skillsets (job_form_id, skill_id, skill_level) VALUES (78, 17, 'EXPERT');
INSERT INTO job_match.job_forms_skillsets (job_form_id, skill_id, skill_level) VALUES (78, 19, 'EXPERT');
INSERT INTO job_match.job_forms_skillsets (job_form_id, skill_id, skill_level) VALUES (78, 20, 'NOVICE');
INSERT INTO job_match.job_forms_skillsets (job_form_id, skill_id, skill_level) VALUES (79, 1, 'EXPERT');
INSERT INTO job_match.job_forms_skillsets (job_form_id, skill_id, skill_level) VALUES (79, 2, 'EXPERT');
INSERT INTO job_match.job_forms_skillsets (job_form_id, skill_id, skill_level) VALUES (79, 3, 'EXPERT');
INSERT INTO job_match.job_forms_skillsets (job_form_id, skill_id, skill_level) VALUES (79, 4, 'ADVANCED');
INSERT INTO job_match.job_forms_skillsets (job_form_id, skill_id, skill_level) VALUES (79, 6, 'EXPERT');
INSERT INTO job_match.job_forms_skillsets (job_form_id, skill_id, skill_level) VALUES (79, 8, 'EXPERT');
INSERT INTO job_match.job_forms_skillsets (job_form_id, skill_id, skill_level) VALUES (79, 14, 'INTERMEDIATE');
INSERT INTO job_match.job_forms_skillsets (job_form_id, skill_id, skill_level) VALUES (79, 17, 'EXPERT');
INSERT INTO job_match.job_forms_skillsets (job_form_id, skill_id, skill_level) VALUES (79, 18, 'EXPERT');
INSERT INTO job_match.job_forms_skillsets (job_form_id, skill_id, skill_level) VALUES (79, 20, 'NOVICE');
INSERT INTO job_match.job_forms_skillsets (job_form_id, skill_id, skill_level) VALUES (80, 5, 'EXPERT');
INSERT INTO job_match.job_forms_skillsets (job_form_id, skill_id, skill_level) VALUES (80, 7, 'EXPERT');
INSERT INTO job_match.job_forms_skillsets (job_form_id, skill_id, skill_level) VALUES (80, 9, 'EXPERT');
INSERT INTO job_match.job_forms_skillsets (job_form_id, skill_id, skill_level) VALUES (80, 10, 'ADVANCED');
INSERT INTO job_match.job_forms_skillsets (job_form_id, skill_id, skill_level) VALUES (80, 11, 'EXPERT');
INSERT INTO job_match.job_forms_skillsets (job_form_id, skill_id, skill_level) VALUES (80, 12, 'EXPERT');
INSERT INTO job_match.job_forms_skillsets (job_form_id, skill_id, skill_level) VALUES (80, 13, 'INTERMEDIATE');
INSERT INTO job_match.job_forms_skillsets (job_form_id, skill_id, skill_level) VALUES (80, 15, 'EXPERT');
INSERT INTO job_match.job_forms_skillsets (job_form_id, skill_id, skill_level) VALUES (80, 16, 'EXPERT');
INSERT INTO job_match.job_forms_skillsets (job_form_id, skill_id, skill_level) VALUES (80, 19, 'NOVICE');
INSERT INTO job_match.job_forms_skillsets (job_form_id, skill_id, skill_level) VALUES (81, 2, 'EXPERT');
INSERT INTO job_match.job_forms_skillsets (job_form_id, skill_id, skill_level) VALUES (81, 3, 'EXPERT');
INSERT INTO job_match.job_forms_skillsets (job_form_id, skill_id, skill_level) VALUES (81, 5, 'EXPERT');
INSERT INTO job_match.job_forms_skillsets (job_form_id, skill_id, skill_level) VALUES (81, 8, 'ADVANCED');
INSERT INTO job_match.job_forms_skillsets (job_form_id, skill_id, skill_level) VALUES (81, 11, 'EXPERT');
INSERT INTO job_match.job_forms_skillsets (job_form_id, skill_id, skill_level) VALUES (81, 12, 'EXPERT');
INSERT INTO job_match.job_forms_skillsets (job_form_id, skill_id, skill_level) VALUES (81, 14, 'INTERMEDIATE');
INSERT INTO job_match.job_forms_skillsets (job_form_id, skill_id, skill_level) VALUES (81, 17, 'EXPERT');
INSERT INTO job_match.job_forms_skillsets (job_form_id, skill_id, skill_level) VALUES (81, 18, 'EXPERT');
INSERT INTO job_match.job_forms_skillsets (job_form_id, skill_id, skill_level) VALUES (81, 19, 'NOVICE');
INSERT INTO job_match.job_forms_skillsets (job_form_id, skill_id, skill_level) VALUES (82, 1, 'EXPERT');
INSERT INTO job_match.job_forms_skillsets (job_form_id, skill_id, skill_level) VALUES (82, 4, 'EXPERT');
INSERT INTO job_match.job_forms_skillsets (job_form_id, skill_id, skill_level) VALUES (82, 6, 'EXPERT');
INSERT INTO job_match.job_forms_skillsets (job_form_id, skill_id, skill_level) VALUES (82, 7, 'ADVANCED');
INSERT INTO job_match.job_forms_skillsets (job_form_id, skill_id, skill_level) VALUES (82, 9, 'EXPERT');
INSERT INTO job_match.job_forms_skillsets (job_form_id, skill_id, skill_level) VALUES (82, 10, 'EXPERT');
INSERT INTO job_match.job_forms_skillsets (job_form_id, skill_id, skill_level) VALUES (82, 13, 'INTERMEDIATE');
INSERT INTO job_match.job_forms_skillsets (job_form_id, skill_id, skill_level) VALUES (82, 15, 'EXPERT');
INSERT INTO job_match.job_forms_skillsets (job_form_id, skill_id, skill_level) VALUES (82, 16, 'EXPERT');
INSERT INTO job_match.job_forms_skillsets (job_form_id, skill_id, skill_level) VALUES (82, 20, 'NOVICE');
INSERT INTO job_match.job_forms_skillsets (job_form_id, skill_id, skill_level) VALUES (83, 1, 'EXPERT');
INSERT INTO job_match.job_forms_skillsets (job_form_id, skill_id, skill_level) VALUES (83, 2, 'EXPERT');
INSERT INTO job_match.job_forms_skillsets (job_form_id, skill_id, skill_level) VALUES (83, 4, 'EXPERT');
INSERT INTO job_match.job_forms_skillsets (job_form_id, skill_id, skill_level) VALUES (83, 5, 'ADVANCED');
INSERT INTO job_match.job_forms_skillsets (job_form_id, skill_id, skill_level) VALUES (83, 6, 'EXPERT');
INSERT INTO job_match.job_forms_skillsets (job_form_id, skill_id, skill_level) VALUES (83, 9, 'EXPERT');
INSERT INTO job_match.job_forms_skillsets (job_form_id, skill_id, skill_level) VALUES (83, 10, 'INTERMEDIATE');
INSERT INTO job_match.job_forms_skillsets (job_form_id, skill_id, skill_level) VALUES (83, 13, 'EXPERT');
INSERT INTO job_match.job_forms_skillsets (job_form_id, skill_id, skill_level) VALUES (83, 14, 'EXPERT');
INSERT INTO job_match.job_forms_skillsets (job_form_id, skill_id, skill_level) VALUES (83, 20, 'NOVICE');
INSERT INTO job_match.job_forms_skillsets (job_form_id, skill_id, skill_level) VALUES (84, 3, 'EXPERT');
INSERT INTO job_match.job_forms_skillsets (job_form_id, skill_id, skill_level) VALUES (84, 7, 'EXPERT');
INSERT INTO job_match.job_forms_skillsets (job_form_id, skill_id, skill_level) VALUES (84, 8, 'EXPERT');
INSERT INTO job_match.job_forms_skillsets (job_form_id, skill_id, skill_level) VALUES (84, 11, 'ADVANCED');
INSERT INTO job_match.job_forms_skillsets (job_form_id, skill_id, skill_level) VALUES (84, 12, 'EXPERT');
INSERT INTO job_match.job_forms_skillsets (job_form_id, skill_id, skill_level) VALUES (84, 15, 'EXPERT');
INSERT INTO job_match.job_forms_skillsets (job_form_id, skill_id, skill_level) VALUES (84, 16, 'INTERMEDIATE');
INSERT INTO job_match.job_forms_skillsets (job_form_id, skill_id, skill_level) VALUES (84, 17, 'EXPERT');
INSERT INTO job_match.job_forms_skillsets (job_form_id, skill_id, skill_level) VALUES (84, 18, 'EXPERT');
INSERT INTO job_match.job_forms_skillsets (job_form_id, skill_id, skill_level) VALUES (84, 19, 'NOVICE');
INSERT INTO job_match.job_forms_skillsets (job_form_id, skill_id, skill_level) VALUES (85, 1, 'EXPERT');
INSERT INTO job_match.job_forms_skillsets (job_form_id, skill_id, skill_level) VALUES (85, 2, 'EXPERT');
INSERT INTO job_match.job_forms_skillsets (job_form_id, skill_id, skill_level) VALUES (85, 3, 'EXPERT');
INSERT INTO job_match.job_forms_skillsets (job_form_id, skill_id, skill_level) VALUES (85, 4, 'ADVANCED');
INSERT INTO job_match.job_forms_skillsets (job_form_id, skill_id, skill_level) VALUES (85, 5, 'EXPERT');
INSERT INTO job_match.job_forms_skillsets (job_form_id, skill_id, skill_level) VALUES (85, 6, 'EXPERT');
INSERT INTO job_match.job_forms_skillsets (job_form_id, skill_id, skill_level) VALUES (85, 7, 'INTERMEDIATE');
INSERT INTO job_match.job_forms_skillsets (job_form_id, skill_id, skill_level) VALUES (85, 8, 'EXPERT');
INSERT INTO job_match.job_forms_skillsets (job_form_id, skill_id, skill_level) VALUES (85, 9, 'EXPERT');
INSERT INTO job_match.job_forms_skillsets (job_form_id, skill_id, skill_level) VALUES (85, 11, 'NOVICE');
INSERT INTO job_match.job_forms_skillsets (job_form_id, skill_id, skill_level) VALUES (86, 2, 'NOVICE');
INSERT INTO job_match.job_forms_skillsets (job_form_id, skill_id, skill_level) VALUES (86, 7, 'EXPERT');
INSERT INTO job_match.job_forms_skillsets (job_form_id, skill_id, skill_level) VALUES (86, 8, 'INTERMEDIATE');
INSERT INTO job_match.job_forms_skillsets (job_form_id, skill_id, skill_level) VALUES (86, 11, 'EXPERT');
INSERT INTO job_match.job_forms_skillsets (job_form_id, skill_id, skill_level) VALUES (86, 13, 'EXPERT');
INSERT INTO job_match.job_forms_skillsets (job_form_id, skill_id, skill_level) VALUES (86, 15, 'EXPERT');
INSERT INTO job_match.job_forms_skillsets (job_form_id, skill_id, skill_level) VALUES (86, 16, 'ADVANCED');
INSERT INTO job_match.job_forms_skillsets (job_form_id, skill_id, skill_level) VALUES (86, 18, 'EXPERT');
INSERT INTO job_match.job_forms_skillsets (job_form_id, skill_id, skill_level) VALUES (86, 19, 'EXPERT');
INSERT INTO job_match.job_forms_skillsets (job_form_id, skill_id, skill_level) VALUES (86, 20, 'EXPERT');
INSERT INTO job_match.job_forms_skillsets (job_form_id, skill_id, skill_level) VALUES (87, 1, 'EXPERT');
INSERT INTO job_match.job_forms_skillsets (job_form_id, skill_id, skill_level) VALUES (87, 3, 'ADVANCED');
INSERT INTO job_match.job_forms_skillsets (job_form_id, skill_id, skill_level) VALUES (87, 4, 'INTERMEDIATE');
INSERT INTO job_match.job_forms_skillsets (job_form_id, skill_id, skill_level) VALUES (87, 5, 'EXPERT');
INSERT INTO job_match.job_forms_skillsets (job_form_id, skill_id, skill_level) VALUES (87, 6, 'NOVICE');
INSERT INTO job_match.job_forms_skillsets (job_form_id, skill_id, skill_level) VALUES (87, 9, 'EXPERT');
INSERT INTO job_match.job_forms_skillsets (job_form_id, skill_id, skill_level) VALUES (87, 10, 'EXPERT');
INSERT INTO job_match.job_forms_skillsets (job_form_id, skill_id, skill_level) VALUES (87, 12, 'EXPERT');
INSERT INTO job_match.job_forms_skillsets (job_form_id, skill_id, skill_level) VALUES (87, 14, 'EXPERT');
INSERT INTO job_match.job_forms_skillsets (job_form_id, skill_id, skill_level) VALUES (87, 17, 'EXPERT');
INSERT INTO job_match.job_forms_skillsets (job_form_id, skill_id, skill_level) VALUES (88, 6, 'EXPERT');
INSERT INTO job_match.job_forms_skillsets (job_form_id, skill_id, skill_level) VALUES (88, 7, 'EXPERT');
INSERT INTO job_match.job_forms_skillsets (job_form_id, skill_id, skill_level) VALUES (88, 9, 'EXPERT');
INSERT INTO job_match.job_forms_skillsets (job_form_id, skill_id, skill_level) VALUES (88, 10, 'EXPERT');
INSERT INTO job_match.job_forms_skillsets (job_form_id, skill_id, skill_level) VALUES (88, 11, 'EXPERT');
INSERT INTO job_match.job_forms_skillsets (job_form_id, skill_id, skill_level) VALUES (88, 12, 'EXPERT');
INSERT INTO job_match.job_forms_skillsets (job_form_id, skill_id, skill_level) VALUES (88, 13, 'ADVANCED');
INSERT INTO job_match.job_forms_skillsets (job_form_id, skill_id, skill_level) VALUES (88, 15, 'INTERMEDIATE');
INSERT INTO job_match.job_forms_skillsets (job_form_id, skill_id, skill_level) VALUES (88, 16, 'EXPERT');
INSERT INTO job_match.job_forms_skillsets (job_form_id, skill_id, skill_level) VALUES (88, 20, 'NOVICE');
INSERT INTO job_match.job_forms_skillsets (job_form_id, skill_id, skill_level) VALUES (89, 1, 'EXPERT');
INSERT INTO job_match.job_forms_skillsets (job_form_id, skill_id, skill_level) VALUES (89, 2, 'EXPERT');
INSERT INTO job_match.job_forms_skillsets (job_form_id, skill_id, skill_level) VALUES (89, 3, 'ADVANCED');
INSERT INTO job_match.job_forms_skillsets (job_form_id, skill_id, skill_level) VALUES (89, 4, 'EXPERT');
INSERT INTO job_match.job_forms_skillsets (job_form_id, skill_id, skill_level) VALUES (89, 5, 'EXPERT');
INSERT INTO job_match.job_forms_skillsets (job_form_id, skill_id, skill_level) VALUES (89, 8, 'EXPERT');
INSERT INTO job_match.job_forms_skillsets (job_form_id, skill_id, skill_level) VALUES (89, 14, 'INTERMEDIATE');
INSERT INTO job_match.job_forms_skillsets (job_form_id, skill_id, skill_level) VALUES (89, 17, 'NOVICE');
INSERT INTO job_match.job_forms_skillsets (job_form_id, skill_id, skill_level) VALUES (89, 18, 'EXPERT');
INSERT INTO job_match.job_forms_skillsets (job_form_id, skill_id, skill_level) VALUES (89, 19, 'EXPERT');
INSERT INTO job_match.job_forms_skillsets (job_form_id, skill_id, skill_level) VALUES (90, 3, 'ADVANCED');
INSERT INTO job_match.job_forms_skillsets (job_form_id, skill_id, skill_level) VALUES (90, 7, 'NOVICE');
INSERT INTO job_match.job_forms_skillsets (job_form_id, skill_id, skill_level) VALUES (90, 8, 'EXPERT');
INSERT INTO job_match.job_forms_skillsets (job_form_id, skill_id, skill_level) VALUES (90, 10, 'EXPERT');
INSERT INTO job_match.job_forms_skillsets (job_form_id, skill_id, skill_level) VALUES (90, 11, 'INTERMEDIATE');
INSERT INTO job_match.job_forms_skillsets (job_form_id, skill_id, skill_level) VALUES (90, 12, 'EXPERT');
INSERT INTO job_match.job_forms_skillsets (job_form_id, skill_id, skill_level) VALUES (90, 13, 'EXPERT');
INSERT INTO job_match.job_forms_skillsets (job_form_id, skill_id, skill_level) VALUES (90, 18, 'EXPERT');
INSERT INTO job_match.job_forms_skillsets (job_form_id, skill_id, skill_level) VALUES (90, 19, 'EXPERT');
INSERT INTO job_match.job_forms_skillsets (job_form_id, skill_id, skill_level) VALUES (90, 20, 'EXPERT');
INSERT INTO job_match.job_forms_skillsets (job_form_id, skill_id, skill_level) VALUES (91, 1, 'INTERMEDIATE');
INSERT INTO job_match.job_forms_skillsets (job_form_id, skill_id, skill_level) VALUES (91, 2, 'EXPERT');
INSERT INTO job_match.job_forms_skillsets (job_form_id, skill_id, skill_level) VALUES (91, 4, 'EXPERT');
INSERT INTO job_match.job_forms_skillsets (job_form_id, skill_id, skill_level) VALUES (91, 5, 'EXPERT');
INSERT INTO job_match.job_forms_skillsets (job_form_id, skill_id, skill_level) VALUES (91, 6, 'EXPERT');
INSERT INTO job_match.job_forms_skillsets (job_form_id, skill_id, skill_level) VALUES (91, 9, 'NOVICE');
INSERT INTO job_match.job_forms_skillsets (job_form_id, skill_id, skill_level) VALUES (91, 14, 'EXPERT');
INSERT INTO job_match.job_forms_skillsets (job_form_id, skill_id, skill_level) VALUES (91, 15, 'EXPERT');
INSERT INTO job_match.job_forms_skillsets (job_form_id, skill_id, skill_level) VALUES (91, 16, 'EXPERT');
INSERT INTO job_match.job_forms_skillsets (job_form_id, skill_id, skill_level) VALUES (91, 17, 'ADVANCED');
INSERT INTO job_match.job_forms_skillsets (job_form_id, skill_id, skill_level) VALUES (92, 1, 'EXPERT');
INSERT INTO job_match.job_forms_skillsets (job_form_id, skill_id, skill_level) VALUES (92, 6, 'EXPERT');
INSERT INTO job_match.job_forms_skillsets (job_form_id, skill_id, skill_level) VALUES (92, 8, 'NOVICE');
INSERT INTO job_match.job_forms_skillsets (job_form_id, skill_id, skill_level) VALUES (92, 9, 'EXPERT');
INSERT INTO job_match.job_forms_skillsets (job_form_id, skill_id, skill_level) VALUES (92, 10, 'INTERMEDIATE');
INSERT INTO job_match.job_forms_skillsets (job_form_id, skill_id, skill_level) VALUES (92, 12, 'EXPERT');
INSERT INTO job_match.job_forms_skillsets (job_form_id, skill_id, skill_level) VALUES (92, 13, 'EXPERT');
INSERT INTO job_match.job_forms_skillsets (job_form_id, skill_id, skill_level) VALUES (92, 14, 'EXPERT');
INSERT INTO job_match.job_forms_skillsets (job_form_id, skill_id, skill_level) VALUES (92, 15, 'EXPERT');
INSERT INTO job_match.job_forms_skillsets (job_form_id, skill_id, skill_level) VALUES (92, 20, 'ADVANCED');
INSERT INTO job_match.job_forms_skillsets (job_form_id, skill_id, skill_level) VALUES (93, 2, 'ADVANCED');
INSERT INTO job_match.job_forms_skillsets (job_form_id, skill_id, skill_level) VALUES (93, 3, 'EXPERT');
INSERT INTO job_match.job_forms_skillsets (job_form_id, skill_id, skill_level) VALUES (93, 4, 'EXPERT');
INSERT INTO job_match.job_forms_skillsets (job_form_id, skill_id, skill_level) VALUES (93, 5, 'EXPERT');
INSERT INTO job_match.job_forms_skillsets (job_form_id, skill_id, skill_level) VALUES (93, 7, 'EXPERT');
INSERT INTO job_match.job_forms_skillsets (job_form_id, skill_id, skill_level) VALUES (93, 11, 'EXPERT');
INSERT INTO job_match.job_forms_skillsets (job_form_id, skill_id, skill_level) VALUES (93, 16, 'EXPERT');
INSERT INTO job_match.job_forms_skillsets (job_form_id, skill_id, skill_level) VALUES (93, 17, 'INTERMEDIATE');
INSERT INTO job_match.job_forms_skillsets (job_form_id, skill_id, skill_level) VALUES (93, 18, 'EXPERT');
INSERT INTO job_match.job_forms_skillsets (job_form_id, skill_id, skill_level) VALUES (93, 19, 'NOVICE');
INSERT INTO job_match.job_forms_skillsets (job_form_id, skill_id, skill_level) VALUES (94, 1, 'ADVANCED');
INSERT INTO job_match.job_forms_skillsets (job_form_id, skill_id, skill_level) VALUES (94, 2, 'NOVICE');
INSERT INTO job_match.job_forms_skillsets (job_form_id, skill_id, skill_level) VALUES (94, 3, 'EXPERT');
INSERT INTO job_match.job_forms_skillsets (job_form_id, skill_id, skill_level) VALUES (94, 6, 'INTERMEDIATE');
INSERT INTO job_match.job_forms_skillsets (job_form_id, skill_id, skill_level) VALUES (94, 9, 'EXPERT');
INSERT INTO job_match.job_forms_skillsets (job_form_id, skill_id, skill_level) VALUES (94, 10, 'EXPERT');
INSERT INTO job_match.job_forms_skillsets (job_form_id, skill_id, skill_level) VALUES (94, 12, 'EXPERT');
INSERT INTO job_match.job_forms_skillsets (job_form_id, skill_id, skill_level) VALUES (94, 13, 'EXPERT');
INSERT INTO job_match.job_forms_skillsets (job_form_id, skill_id, skill_level) VALUES (94, 18, 'EXPERT');
INSERT INTO job_match.job_forms_skillsets (job_form_id, skill_id, skill_level) VALUES (94, 19, 'EXPERT');
INSERT INTO job_match.job_forms_skillsets (job_form_id, skill_id, skill_level) VALUES (95, 4, 'EXPERT');
INSERT INTO job_match.job_forms_skillsets (job_form_id, skill_id, skill_level) VALUES (95, 5, 'ADVANCED');
INSERT INTO job_match.job_forms_skillsets (job_form_id, skill_id, skill_level) VALUES (95, 7, 'EXPERT');
INSERT INTO job_match.job_forms_skillsets (job_form_id, skill_id, skill_level) VALUES (95, 8, 'NOVICE');
INSERT INTO job_match.job_forms_skillsets (job_form_id, skill_id, skill_level) VALUES (95, 11, 'EXPERT');
INSERT INTO job_match.job_forms_skillsets (job_form_id, skill_id, skill_level) VALUES (95, 14, 'EXPERT');
INSERT INTO job_match.job_forms_skillsets (job_form_id, skill_id, skill_level) VALUES (95, 15, 'EXPERT');
INSERT INTO job_match.job_forms_skillsets (job_form_id, skill_id, skill_level) VALUES (95, 16, 'EXPERT');
INSERT INTO job_match.job_forms_skillsets (job_form_id, skill_id, skill_level) VALUES (95, 17, 'EXPERT');
INSERT INTO job_match.job_forms_skillsets (job_form_id, skill_id, skill_level) VALUES (95, 20, 'INTERMEDIATE');
INSERT INTO job_match.job_forms_skillsets (job_form_id, skill_id, skill_level) VALUES (96, 1, 'ADVANCED');
INSERT INTO job_match.job_forms_skillsets (job_form_id, skill_id, skill_level) VALUES (96, 9, 'EXPERT');
INSERT INTO job_match.job_forms_skillsets (job_form_id, skill_id, skill_level) VALUES (96, 10, 'EXPERT');
INSERT INTO job_match.job_forms_skillsets (job_form_id, skill_id, skill_level) VALUES (96, 12, 'EXPERT');
INSERT INTO job_match.job_forms_skillsets (job_form_id, skill_id, skill_level) VALUES (96, 13, 'NOVICE');
INSERT INTO job_match.job_forms_skillsets (job_form_id, skill_id, skill_level) VALUES (96, 14, 'INTERMEDIATE');
INSERT INTO job_match.job_forms_skillsets (job_form_id, skill_id, skill_level) VALUES (96, 15, 'EXPERT');
INSERT INTO job_match.job_forms_skillsets (job_form_id, skill_id, skill_level) VALUES (96, 16, 'EXPERT');
INSERT INTO job_match.job_forms_skillsets (job_form_id, skill_id, skill_level) VALUES (96, 18, 'EXPERT');
INSERT INTO job_match.job_forms_skillsets (job_form_id, skill_id, skill_level) VALUES (96, 20, 'EXPERT');
INSERT INTO job_match.job_forms_skillsets (job_form_id, skill_id, skill_level) VALUES (97, 2, 'EXPERT');
INSERT INTO job_match.job_forms_skillsets (job_form_id, skill_id, skill_level) VALUES (97, 3, 'ADVANCED');
INSERT INTO job_match.job_forms_skillsets (job_form_id, skill_id, skill_level) VALUES (97, 4, 'EXPERT');
INSERT INTO job_match.job_forms_skillsets (job_form_id, skill_id, skill_level) VALUES (97, 5, 'EXPERT');
INSERT INTO job_match.job_forms_skillsets (job_form_id, skill_id, skill_level) VALUES (97, 6, 'INTERMEDIATE');
INSERT INTO job_match.job_forms_skillsets (job_form_id, skill_id, skill_level) VALUES (97, 7, 'NOVICE');
INSERT INTO job_match.job_forms_skillsets (job_form_id, skill_id, skill_level) VALUES (97, 8, 'EXPERT');
INSERT INTO job_match.job_forms_skillsets (job_form_id, skill_id, skill_level) VALUES (97, 11, 'EXPERT');
INSERT INTO job_match.job_forms_skillsets (job_form_id, skill_id, skill_level) VALUES (97, 17, 'EXPERT');
INSERT INTO job_match.job_forms_skillsets (job_form_id, skill_id, skill_level) VALUES (97, 19, 'EXPERT');
INSERT INTO job_match.job_forms_skillsets (job_form_id, skill_id, skill_level) VALUES (98, 4, 'NOVICE');
INSERT INTO job_match.job_forms_skillsets (job_form_id, skill_id, skill_level) VALUES (98, 6, 'INTERMEDIATE');
INSERT INTO job_match.job_forms_skillsets (job_form_id, skill_id, skill_level) VALUES (98, 7, 'EXPERT');
INSERT INTO job_match.job_forms_skillsets (job_form_id, skill_id, skill_level) VALUES (98, 9, 'EXPERT');
INSERT INTO job_match.job_forms_skillsets (job_form_id, skill_id, skill_level) VALUES (98, 12, 'EXPERT');
INSERT INTO job_match.job_forms_skillsets (job_form_id, skill_id, skill_level) VALUES (98, 14, 'EXPERT');
INSERT INTO job_match.job_forms_skillsets (job_form_id, skill_id, skill_level) VALUES (98, 15, 'EXPERT');
INSERT INTO job_match.job_forms_skillsets (job_form_id, skill_id, skill_level) VALUES (98, 17, 'ADVANCED');
INSERT INTO job_match.job_forms_skillsets (job_form_id, skill_id, skill_level) VALUES (98, 18, 'EXPERT');
INSERT INTO job_match.job_forms_skillsets (job_form_id, skill_id, skill_level) VALUES (98, 20, 'EXPERT');
INSERT INTO job_match.job_forms_skillsets (job_form_id, skill_id, skill_level) VALUES (99, 1, 'INTERMEDIATE');
INSERT INTO job_match.job_forms_skillsets (job_form_id, skill_id, skill_level) VALUES (99, 2, 'EXPERT');
INSERT INTO job_match.job_forms_skillsets (job_form_id, skill_id, skill_level) VALUES (99, 3, 'ADVANCED');
INSERT INTO job_match.job_forms_skillsets (job_form_id, skill_id, skill_level) VALUES (99, 5, 'EXPERT');
INSERT INTO job_match.job_forms_skillsets (job_form_id, skill_id, skill_level) VALUES (99, 8, 'EXPERT');
INSERT INTO job_match.job_forms_skillsets (job_form_id, skill_id, skill_level) VALUES (99, 10, 'EXPERT');
INSERT INTO job_match.job_forms_skillsets (job_form_id, skill_id, skill_level) VALUES (99, 11, 'EXPERT');
INSERT INTO job_match.job_forms_skillsets (job_form_id, skill_id, skill_level) VALUES (99, 13, 'NOVICE');
INSERT INTO job_match.job_forms_skillsets (job_form_id, skill_id, skill_level) VALUES (99, 16, 'EXPERT');
INSERT INTO job_match.job_forms_skillsets (job_form_id, skill_id, skill_level) VALUES (99, 19, 'EXPERT');
INSERT INTO job_match.job_forms_skillsets (job_form_id, skill_id, skill_level) VALUES (100, 1, 'EXPERT');
INSERT INTO job_match.job_forms_skillsets (job_form_id, skill_id, skill_level) VALUES (100, 5, 'NOVICE');
INSERT INTO job_match.job_forms_skillsets (job_form_id, skill_id, skill_level) VALUES (100, 6, 'ADVANCED');
INSERT INTO job_match.job_forms_skillsets (job_form_id, skill_id, skill_level) VALUES (100, 7, 'EXPERT');
INSERT INTO job_match.job_forms_skillsets (job_form_id, skill_id, skill_level) VALUES (100, 9, 'INTERMEDIATE');
INSERT INTO job_match.job_forms_skillsets (job_form_id, skill_id, skill_level) VALUES (100, 13, 'EXPERT');
INSERT INTO job_match.job_forms_skillsets (job_form_id, skill_id, skill_level) VALUES (100, 14, 'EXPERT');
INSERT INTO job_match.job_forms_skillsets (job_form_id, skill_id, skill_level) VALUES (100, 15, 'EXPERT');
INSERT INTO job_match.job_forms_skillsets (job_form_id, skill_id, skill_level) VALUES (100, 16, 'EXPERT');
INSERT INTO job_match.job_forms_skillsets (job_form_id, skill_id, skill_level) VALUES (100, 17, 'EXPERT');

INSERT INTO job_match.job_openings (job_form_id, company_id, is_active, published_on) VALUES (46, 51, 1, '2022-12-07 15:59:52');
INSERT INTO job_match.job_openings (job_form_id, company_id, is_active, published_on) VALUES (47, 51, 1, '2022-12-07 15:59:52');
INSERT INTO job_match.job_openings (job_form_id, company_id, is_active, published_on) VALUES (48, 52, 1, '2022-12-07 15:59:52');
INSERT INTO job_match.job_openings (job_form_id, company_id, is_active, published_on) VALUES (49, 51, 1, '2022-12-07 15:59:52');
INSERT INTO job_match.job_openings (job_form_id, company_id, is_active, published_on) VALUES (50, 55, 1, '2022-12-07 15:59:52');
INSERT INTO job_match.job_openings (job_form_id, company_id, is_active, published_on) VALUES (51, 54, 1, '2022-12-07 15:59:52');
INSERT INTO job_match.job_openings (job_form_id, company_id, is_active, published_on) VALUES (52, 53, 1, '2022-12-07 15:59:52');
INSERT INTO job_match.job_openings (job_form_id, company_id, is_active, published_on) VALUES (53, 56, 1, '2022-12-07 15:59:53');
INSERT INTO job_match.job_openings (job_form_id, company_id, is_active, published_on) VALUES (54, 68, 1, '2022-12-07 15:59:53');
INSERT INTO job_match.job_openings (job_form_id, company_id, is_active, published_on) VALUES (55, 62, 1, '2022-12-07 15:59:53');
INSERT INTO job_match.job_openings (job_form_id, company_id, is_active, published_on) VALUES (56, 51, 1, '2022-12-07 15:59:53');
INSERT INTO job_match.job_openings (job_form_id, company_id, is_active, published_on) VALUES (57, 55, 1, '2022-12-07 15:59:53');
INSERT INTO job_match.job_openings (job_form_id, company_id, is_active, published_on) VALUES (58, 54, 1, '2022-12-07 15:59:53');
INSERT INTO job_match.job_openings (job_form_id, company_id, is_active, published_on) VALUES (59, 52, 1, '2022-12-07 15:59:53');
INSERT INTO job_match.job_openings (job_form_id, company_id, is_active, published_on) VALUES (60, 53, 1, '2022-12-07 15:59:53');
INSERT INTO job_match.job_openings (job_form_id, company_id, is_active, published_on) VALUES (61, 53, 1, '2022-12-07 15:59:53');
INSERT INTO job_match.job_openings (job_form_id, company_id, is_active, published_on) VALUES (62, 56, 1, '2022-12-07 15:59:53');
INSERT INTO job_match.job_openings (job_form_id, company_id, is_active, published_on) VALUES (63, 58, 1, '2022-12-07 15:59:53');
INSERT INTO job_match.job_openings (job_form_id, company_id, is_active, published_on) VALUES (64, 57, 1, '2022-12-07 15:59:53');
INSERT INTO job_match.job_openings (job_form_id, company_id, is_active, published_on) VALUES (65, 65, 1, '2022-12-07 15:59:53');
INSERT INTO job_match.job_openings (job_form_id, company_id, is_active, published_on) VALUES (66, 60, 1, '2022-12-07 15:59:53');
INSERT INTO job_match.job_openings (job_form_id, company_id, is_active, published_on) VALUES (67, 58, 1, '2022-12-07 15:59:53');
INSERT INTO job_match.job_openings (job_form_id, company_id, is_active, published_on) VALUES (68, 59, 1, '2022-12-07 15:59:53');
INSERT INTO job_match.job_openings (job_form_id, company_id, is_active, published_on) VALUES (69, 61, 1, '2022-12-07 15:59:53');
INSERT INTO job_match.job_openings (job_form_id, company_id, is_active, published_on) VALUES (70, 63, 1, '2022-12-07 15:59:53');
INSERT INTO job_match.job_openings (job_form_id, company_id, is_active, published_on) VALUES (86, 51, 1, '2022-12-07 17:15:01');
INSERT INTO job_match.job_openings (job_form_id, company_id, is_active, published_on) VALUES (87, 52, 1, '2022-12-07 17:12:46');
INSERT INTO job_match.job_openings (job_form_id, company_id, is_active, published_on) VALUES (88, 53, 1, '2022-12-07 17:12:48');
INSERT INTO job_match.job_openings (job_form_id, company_id, is_active, published_on) VALUES (89, 54, 1, '2022-12-07 17:15:01');
INSERT INTO job_match.job_openings (job_form_id, company_id, is_active, published_on) VALUES (90, 55, 1, '2022-12-07 17:15:01');
INSERT INTO job_match.job_openings (job_form_id, company_id, is_active, published_on) VALUES (91, 56, 1, '2022-12-07 17:15:01');
INSERT INTO job_match.job_openings (job_form_id, company_id, is_active, published_on) VALUES (92, 57, 1, '2022-12-07 17:15:01');
INSERT INTO job_match.job_openings (job_form_id, company_id, is_active, published_on) VALUES (93, 58, 1, '2022-12-07 17:15:01');
INSERT INTO job_match.job_openings (job_form_id, company_id, is_active, published_on) VALUES (94, 59, 1, '2022-12-07 17:15:01');
INSERT INTO job_match.job_openings (job_form_id, company_id, is_active, published_on) VALUES (95, 60, 1, '2022-12-07 17:15:01');
INSERT INTO job_match.job_openings (job_form_id, company_id, is_active, published_on) VALUES (96, 61, 1, '2022-12-07 17:15:01');
INSERT INTO job_match.job_openings (job_form_id, company_id, is_active, published_on) VALUES (97, 62, 1, '2022-12-07 17:15:01');
INSERT INTO job_match.job_openings (job_form_id, company_id, is_active, published_on) VALUES (98, 63, 1, '2022-12-07 17:15:01');
INSERT INTO job_match.job_openings (job_form_id, company_id, is_active, published_on) VALUES (99, 64, 1, '2022-12-07 17:15:01');
INSERT INTO job_match.job_openings (job_form_id, company_id, is_active, published_on) VALUES (100, 65, 1, '2022-12-07 17:15:01');

INSERT INTO job_match.applications (job_form_id, professional_id, application_status)
VALUES (1, 1, 'ACTIVE');
INSERT INTO job_match.applications (job_form_id, professional_id, application_status)
VALUES (2, 1, 'HIDDEN');
INSERT INTO job_match.applications (job_form_id, professional_id, application_status)
VALUES (3, 1, 'PRIVATE');
INSERT INTO job_match.applications (job_form_id, professional_id, application_status)
VALUES (4, 1, 'MATCHED');
INSERT INTO job_match.applications (job_form_id, professional_id, application_status)
VALUES (5, 1, 'ACTIVE');
INSERT INTO job_match.applications (job_form_id, professional_id, application_status)
VALUES (6, 2, 'ACTIVE');
INSERT INTO job_match.applications (job_form_id, professional_id, application_status)
VALUES (7, 2, 'ACTIVE');
INSERT INTO job_match.applications (job_form_id, professional_id, application_status)
VALUES (8, 2, 'ACTIVE');
INSERT INTO job_match.applications (job_form_id, professional_id, application_status)
VALUES (9, 2, 'HIDDEN');
INSERT INTO job_match.applications (job_form_id, professional_id, application_status)
VALUES (10, 3, 'ACTIVE');
INSERT INTO job_match.applications (job_form_id, professional_id, application_status)
VALUES (11, 3, 'ACTIVE');
INSERT INTO job_match.applications (job_form_id, professional_id, application_status)
VALUES (12, 3, 'MATCHED');
INSERT INTO job_match.applications (job_form_id, professional_id, application_status)
VALUES (13, 4, 'ACTIVE');
INSERT INTO job_match.applications (job_form_id, professional_id, application_status)
VALUES (14, 4, 'ACTIVE');
INSERT INTO job_match.applications (job_form_id, professional_id, application_status)
VALUES (15, 5, 'ACTIVE');
INSERT INTO job_match.applications (job_form_id, professional_id, application_status)
VALUES (16, 6, 'ACTIVE');
INSERT INTO job_match.applications (job_form_id, professional_id, application_status)
VALUES (17, 7, 'PRIVATE');
INSERT INTO job_match.applications (job_form_id, professional_id, application_status)
VALUES (18, 8, 'PRIVATE');
INSERT INTO job_match.applications (job_form_id, professional_id, application_status)
VALUES (19, 9, 'PRIVATE');
INSERT INTO job_match.applications (job_form_id, professional_id, application_status)
VALUES (20, 10, 'MATCHED');
INSERT INTO job_match.applications (job_form_id, professional_id, application_status)
VALUES (21, 11, 'MATCHED');
INSERT INTO job_match.applications (job_form_id, professional_id, application_status)
VALUES (22, 12, 'MATCHED');
INSERT INTO job_match.applications (job_form_id, professional_id, application_status)
VALUES (23, 13, 'ACTIVE');
INSERT INTO job_match.applications (job_form_id, professional_id, application_status)
VALUES (24, 14, 'ACTIVE');
INSERT INTO job_match.applications (job_form_id, professional_id, application_status)
VALUES (25, 15, 'ACTIVE');
INSERT INTO job_match.applications (job_form_id, professional_id, application_status)
VALUES (26, 16, 'ACTIVE');
INSERT INTO job_match.applications (job_form_id, professional_id, application_status)
VALUES (27, 17, 'ACTIVE');
INSERT INTO job_match.applications (job_form_id, professional_id, application_status)
VALUES (28, 18, 'ACTIVE');
INSERT INTO job_match.applications (job_form_id, professional_id, application_status)
VALUES (29, 19, 'ACTIVE');
INSERT INTO job_match.applications (job_form_id, professional_id, application_status)
VALUES (30, 20, 'ACTIVE');
INSERT INTO job_match.applications (job_form_id, professional_id, application_status)
VALUES (31, 21, 'ACTIVE');
INSERT INTO job_match.applications (job_form_id, professional_id, application_status)
VALUES (32, 22, 'ACTIVE');
INSERT INTO job_match.applications (job_form_id, professional_id, application_status)
VALUES (33, 23, 'ACTIVE');
INSERT INTO job_match.applications (job_form_id, professional_id, application_status)
VALUES (34, 24, 'ACTIVE');
INSERT INTO job_match.applications (job_form_id, professional_id, application_status)
VALUES (35, 25, 'ACTIVE');
INSERT INTO job_match.applications (job_form_id, professional_id, application_status)
VALUES (36, 26, 'ACTIVE');
INSERT INTO job_match.applications (job_form_id, professional_id, application_status)
VALUES (37, 27, 'ACTIVE');
INSERT INTO job_match.applications (job_form_id, professional_id, application_status)
VALUES (38, 28, 'ACTIVE');
INSERT INTO job_match.applications (job_form_id, professional_id, application_status)
VALUES (39, 29, 'ACTIVE');
INSERT INTO job_match.applications (job_form_id, professional_id, application_status)
VALUES (40, 30, 'ACTIVE');
INSERT INTO job_match.applications (job_form_id, professional_id, application_status)
VALUES (41, 31, 'ACTIVE');
INSERT INTO job_match.applications (job_form_id, professional_id, application_status)
VALUES (42, 32, 'ACTIVE');
INSERT INTO job_match.applications (job_form_id, professional_id, application_status)
VALUES (43, 33, 'ACTIVE');
INSERT INTO job_match.applications (job_form_id, professional_id, application_status)
VALUES (44, 34, 'ACTIVE');
INSERT INTO job_match.applications (job_form_id, professional_id, application_status)
VALUES (45, 35, 'ACTIVE');
INSERT INTO job_match.applications (job_form_id, professional_id, application_status)
VALUES (71, 7, 'ACTIVE');
INSERT INTO job_match.applications (job_form_id, professional_id, application_status)
VALUES (72, 8, 'ACTIVE');
INSERT INTO job_match.applications (job_form_id, professional_id, application_status)
VALUES (73, 9, 'ACTIVE');
INSERT INTO job_match.applications (job_form_id, professional_id, application_status)
VALUES (74, 10, 'ACTIVE');
INSERT INTO job_match.applications (job_form_id, professional_id, application_status)
VALUES (75, 11, 'ACTIVE');
INSERT INTO job_match.applications (job_form_id, professional_id, application_status)
VALUES (76, 12, 'ACTIVE');
INSERT INTO job_match.applications (job_form_id, professional_id, application_status)
VALUES (77, 36, 'ACTIVE');
INSERT INTO job_match.applications (job_form_id, professional_id, application_status)
VALUES (78, 37, 'ACTIVE');
INSERT INTO job_match.applications (job_form_id, professional_id, application_status)
VALUES (79, 38, 'ACTIVE');
INSERT INTO job_match.applications (job_form_id, professional_id, application_status)
VALUES (80, 39, 'ACTIVE');
INSERT INTO job_match.applications (job_form_id, professional_id, application_status)
VALUES (81, 40, 'ACTIVE');
INSERT INTO job_match.applications (job_form_id, professional_id, application_status)
VALUES (82, 7, 'ACTIVE');
INSERT INTO job_match.applications (job_form_id, professional_id, application_status)
VALUES (83, 8, 'ACTIVE');
INSERT INTO job_match.applications (job_form_id, professional_id, application_status)
VALUES (84, 9, 'ACTIVE');
INSERT INTO job_match.applications (job_form_id, professional_id, application_status)
VALUES (85, 10, 'ACTIVE');

INSERT INTO job_match.professionals_main_applications (professional_id, application_id)
VALUES (1, 1);
INSERT INTO job_match.professionals_main_applications (professional_id, application_id)
VALUES (2, 6);
INSERT INTO job_match.professionals_main_applications (professional_id, application_id)
VALUES (3, 10);
INSERT INTO job_match.professionals_main_applications (professional_id, application_id)
VALUES (4, 13);
INSERT INTO job_match.professionals_main_applications (professional_id, application_id)
VALUES (5, 15);
INSERT INTO job_match.professionals_main_applications (professional_id, application_id)
VALUES (6, 16);
INSERT INTO job_match.professionals_main_applications (professional_id, application_id)
VALUES (13, 23);
INSERT INTO job_match.professionals_main_applications (professional_id, application_id)
VALUES (14, 24);
INSERT INTO job_match.professionals_main_applications (professional_id, application_id)
VALUES (15, 25);
INSERT INTO job_match.professionals_main_applications (professional_id, application_id)
VALUES (16, 26);
INSERT INTO job_match.professionals_main_applications (professional_id, application_id)
VALUES (17, 27);
INSERT INTO job_match.professionals_main_applications (professional_id, application_id)
VALUES (18, 28);
INSERT INTO job_match.professionals_main_applications (professional_id, application_id)
VALUES (19, 29);
INSERT INTO job_match.professionals_main_applications (professional_id, application_id)
VALUES (20, 30);
INSERT INTO job_match.professionals_main_applications (professional_id, application_id)
VALUES (21, 31);
INSERT INTO job_match.professionals_main_applications (professional_id, application_id)
VALUES (22, 32);
INSERT INTO job_match.professionals_main_applications (professional_id, application_id)
VALUES (23, 33);
INSERT INTO job_match.professionals_main_applications (professional_id, application_id)
VALUES (24, 34);
INSERT INTO job_match.professionals_main_applications (professional_id, application_id)
VALUES (25, 35);
INSERT INTO job_match.professionals_main_applications (professional_id, application_id)
VALUES (26, 36);
INSERT INTO job_match.professionals_main_applications (professional_id, application_id)
VALUES (27, 37);
INSERT INTO job_match.professionals_main_applications (professional_id, application_id)
VALUES (28, 38);
INSERT INTO job_match.professionals_main_applications (professional_id, application_id)
VALUES (29, 39);
INSERT INTO job_match.professionals_main_applications (professional_id, application_id)
VALUES (30, 40);
INSERT INTO job_match.professionals_main_applications (professional_id, application_id)
VALUES (31, 41);
INSERT INTO job_match.professionals_main_applications (professional_id, application_id)
VALUES (32, 42);
INSERT INTO job_match.professionals_main_applications (professional_id, application_id)
VALUES (33, 43);
INSERT INTO job_match.professionals_main_applications (professional_id, application_id)
VALUES (34, 44);
INSERT INTO job_match.professionals_main_applications (professional_id, application_id)
VALUES (35, 45);
INSERT INTO job_match.professionals_main_applications (professional_id, application_id)
VALUES (7, 71);
INSERT INTO job_match.professionals_main_applications (professional_id, application_id)
VALUES (8, 72);
INSERT INTO job_match.professionals_main_applications (professional_id, application_id)
VALUES (9, 73);
INSERT INTO job_match.professionals_main_applications (professional_id, application_id)
VALUES (10, 74);
INSERT INTO job_match.professionals_main_applications (professional_id, application_id)
VALUES (11, 75);
INSERT INTO job_match.professionals_main_applications (professional_id, application_id)
VALUES (12, 76);
INSERT INTO job_match.professionals_main_applications (professional_id, application_id)
VALUES (36, 77);
INSERT INTO job_match.professionals_main_applications (professional_id, application_id)
VALUES (37, 78);
INSERT INTO job_match.professionals_main_applications (professional_id, application_id)
VALUES (38, 79);
INSERT INTO job_match.professionals_main_applications (professional_id, application_id)
VALUES (39, 80);
INSERT INTO job_match.professionals_main_applications (professional_id, application_id)
VALUES (40, 81);

INSERT INTO job_match.match_requests (job_opening_id, application_id, is_match)
VALUES (46, 1, 1);
INSERT INTO job_match.match_requests (job_opening_id, application_id, is_match)
VALUES (50, 36, 0);
INSERT INTO job_match.match_requests (job_opening_id, application_id, is_match)
VALUES (51, 37, 0);
INSERT INTO job_match.match_requests (job_opening_id, application_id, is_match)
VALUES (52, 38, 0);
INSERT INTO job_match.match_requests (job_opening_id, application_id, is_match)
VALUES (53, 39, 0);
INSERT INTO job_match.match_requests (job_opening_id, application_id, is_match)
VALUES (54, 12, 1);
INSERT INTO job_match.match_requests (job_opening_id, application_id, is_match)
VALUES (54, 40, 0);
INSERT INTO job_match.match_requests (job_opening_id, application_id, is_match)
VALUES (55, 41, 0);
INSERT INTO job_match.match_requests (job_opening_id, application_id, is_match)
VALUES (56, 42, 0);
INSERT INTO job_match.match_requests (job_opening_id, application_id, is_match)
VALUES (57, 43, 0);
INSERT INTO job_match.match_requests (job_opening_id, application_id, is_match)
VALUES (58, 44, 0);
INSERT INTO job_match.match_requests (job_opening_id, application_id, is_match)
VALUES (59, 45, 0);
INSERT INTO job_match.match_requests (job_opening_id, application_id, is_match)
VALUES (62, 20, 1);
INSERT INTO job_match.match_requests (job_opening_id, application_id, is_match)
VALUES (63, 21, 1);
INSERT INTO job_match.match_requests (job_opening_id, application_id, is_match)
VALUES (64, 22, 1);



